#Time         gpu    pwr  gtemp  mtemp     sm    mem    enc    dec    jpg    ofa   mclk   pclk     fb   bar1   ccpm 
#HH:MM:SS     Idx      W      C      C      %      %      %      %      %      %    MHz    MHz     MB     MB     MB 
 20:50:11       0     11     43      -      0      0      0      0      -      -    405    544      0      2      0 
 20:50:11       1     11     42      -      0      0      0      0      -      -    405    544      0      2      0 
 20:50:11       2     12     41      -      0      0      0      0      -      -    405    544      0      2      0 
 20:50:11       3     11     40      -      0      0      0      0      -      -    405    544      0      2      0 
 20:50:41       0     51     46      -      0      0      0      0      -      -   3615   1303  10401      2      0 
 20:50:41       1     52     45      -      0      0      0      0      -      -   3615   1303  10401      2      0 
 20:50:41       2     53     44      -      0      0      0      0      -      -   3615   1303  10401      2      0 
 20:50:41       3     52     44      -      0      0      0      0      -      -   3615   1303  10401      2      0 
 20:51:11       0    142     56      -     92     19      0      0      -      -   3615   1531  10485      2      0 
 20:51:11       1    140     54      -     92     19      0      0      -      -   3615   1531  10485      2      0 
 20:51:11       2    124     52      -     95     19      0      0      -      -   3615   1531  10485      2      0 
 20:51:11       3    124     53      -     95     19      0      0      -      -   3615   1531  10485      2      0 
 20:51:41       0    139     63      -     93     19      0      0      -      -   3615   1531  10485      2      0 
 20:51:41       1    123     62      -     93     18      0      0      -      -   3615   1531  10485      2      0 
 20:51:41       2    151     59      -     95     19      0      0      -      -   3615   1531  10485      2      0 
 20:51:41       3    146     59      -     96     18      0      0      -      -   3615   1531  10485      2      0 
 20:52:11       0    156     68      -     93     17      0      0      -      -   3615   1531  10485      2      0 
 20:52:11       1    139     67      -     93     19      0      0      -      -   3615   1531  10485      2      0 
 20:52:11       2    142     64      -     96     17      0      0      -      -   3615   1531  10485      2      0 
 20:52:11       3    160     64      -     96     17      0      0      -      -   3615   1531  10485      2      0 
 20:52:41       0    146     72      -     93     18      0      0      -      -   3615   1531  10485      2      0 
 20:52:41       1    177     71      -     94     16      0      0      -      -   3615   1531  10485      2      0 
 20:52:41       2    158     67      -     96     16      0      0      -      -   3615   1531  10485      2      0 
 20:52:41       3    136     66      -     96     16      0      0      -      -   3615   1531  10485      2      0 
 20:53:11       0     77     73      -     67     15      0      0      -      -   3615   1531  10485      2      0 
 20:53:11       1     76     72      -     59     13      0      0      -      -   3615   1531  10485      2      0 
 20:53:11       2     77     68      -     74     16      0      0      -      -   3615   1531  10485      2      0 
 20:53:11       3     71     67      -     74     16      0      0      -      -   3615   1531  10485      2      0 
 20:53:41       0    134     74      -     93     19      0      0      -      -   3615   1531  10485      2      0 
 20:53:41       1    122     73      -     92     19      0      0      -      -   3615   1531  10485      2      0 
 20:53:41       2    144     69      -     95     18      0      0      -      -   3615   1531  10485      2      0 
 20:53:41       3    144     68      -     95     19      0      0      -      -   3615   1531  10485      2      0 
 20:54:11       0    142     74      -     94     17      0      0      -      -   3615   1531  10485      2      0 
 20:54:11       1    131     73      -     93     17      0      0      -      -   3615   1531  10485      2      0 
 20:54:11       2    145     70      -     96     17      0      0      -      -   3615   1531  10485      2      0 
 20:54:11       3    147     68      -     96     17      0      0      -      -   3615   1531  10485      2      0 
 20:54:41       0    144     74      -     93     17      0      0      -      -   3615   1531  10485      2      0 
 20:54:41       1    142     72      -     93     18      0      0      -      -   3615   1531  10485      2      0 
 20:54:41       2    162     70      -     96     17      0      0      -      -   3615   1531  10485      2      0 
 20:54:41       3    155     67      -     95     18      0      0      -      -   3615   1531  10485      2      0 
 20:55:11       0    169     73      -     94     16      0      0      -      -   3615   1531  10485      2      0 
 20:55:11       1    158     72      -     93     17      0      0      -      -   3615   1531  10485      2      0 
 20:55:11       2    138     70      -     96     17      0      0      -      -   3615   1531  10485      2      0 
 20:55:11       3    159     67      -     96     15      0      0      -      -   3615   1531  10485      2      0 
#Time         gpu    pwr  gtemp  mtemp     sm    mem    enc    dec    jpg    ofa   mclk   pclk     fb   bar1   ccpm 
#HH:MM:SS     Idx      W      C      C      %      %      %      %      %      %    MHz    MHz     MB     MB     MB 
 20:55:41       0    149     73      -     93     17      0      0      -      -   3615   1531  10485      2      0 
 20:55:41       1    160     71      -     94     15      0      0      -      -   3615   1531  10485      2      0 
 20:55:41       2    163     69      -     96     17      0      0      -      -   3615   1531  10485      2      0 
 20:55:41       3    164     66      -     96     16      0      0      -      -   3615   1531  10485      2      0 
 20:56:11       0    175     72      -     95     13      0      0      -      -   3615   1531  10485      2      0 
 20:56:11       1    182     71      -     94     16      0      0      -      -   3615   1531  10485      2      0 
 20:56:11       2    176     69      -     96     17      0      0      -      -   3615   1531  10485      2      0 
 20:56:11       3    165     66      -     96     15      0      0      -      -   3615   1531  10485      2      0 
 20:56:42       0    178     72      -     96     13      0      0      -      -   3615   1531  10485      2      0 
 20:56:42       1    180     70      -     95     14      0      0      -      -   3615   1531  10485      2      0 
 20:56:42       2    173     69      -     96     16      0      0      -      -   3615   1531  10485      2      0 
 20:56:42       3    164     66      -     97     14      0      0      -      -   3615   1531  10485      2      0 
 20:57:12       0    145     72      -     95     14      0      0      -      -   3615   1531  10485      2      0 
 20:57:12       1    130     70      -     95     13      0      0      -      -   3615   1531  10485      2      0 
 20:57:12       2    134     68      -     96     15      0      0      -      -   3615   1531  10485      2      0 
 20:57:12       3    153     65      -     96     13      0      0      -      -   3615   1531  10485      2      0 
 20:57:42       0    157     71      -     94     15      0      0      -      -   3615   1531  10485      2      0 
 20:57:42       1    143     70      -     94     15      0      0      -      -   3615   1531  10485      2      0 
 20:57:42       2    138     68      -     96     15      0      0      -      -   3615   1531  10485      2      0 
 20:57:42       3    140     65      -     96     15      0      0      -      -   3615   1531  10485      2      0 
 20:58:12       0    150     71      -     94     15      0      0      -      -   3615   1531  10485      2      0 
 20:58:12       1    143     70      -     95     15      0      0      -      -   3615   1531  10485      2      0 
 20:58:12       2    130     68      -     97     15      0      0      -      -   3615   1531  10485      2      0 
 20:58:12       3    135     65      -     97     15      0      0      -      -   3615   1531  10485      2      0 
 20:58:42       0    179     71      -     96     13      0      0      -      -   3615   1531  10485      2      0 
 20:58:42       1    183     70      -     96     13      0      0      -      -   3615   1531  10485      2      0 
 20:58:42       2    183     69      -     97     13      0      0      -      -   3615   1531  10485      2      0 
 20:58:42       3    177     66      -     97     13      0      0      -      -   3615   1531  10485      2      0 
 20:59:12       0     68     71      -     95     15      0      0      -      -   3615   1531  10485      2      0 
 20:59:12       1     69     70      -     95     14      0      0      -      -   3615   1531  10485      2      0 
 20:59:12       2     73     68      -     97     14      0      0      -      -   3615   1531  10485      2      0 
 20:59:12       3     66     65      -     96     15      0      0      -      -   3615   1531  10485      2      0 
 20:59:42       0    141     71      -     95     14      0      0      -      -   3615   1531  10485      2      0 
 20:59:42       1    142     70      -     94     13      0      0      -      -   3615   1531  10485      2      0 
 20:59:42       2    126     69      -     96     13      0      0      -      -   3615   1531  10485      2      0 
 20:59:42       3    142     66      -     97     13      0      0      -      -   3615   1531  10485      2      0 
 21:00:12       0    174     71      -     96     13      0      0      -      -   3615   1531  10485      2      0 
 21:00:12       1    180     70      -     95     13      0      0      -      -   3615   1531  10485      2      0 
 21:00:12       2    179     68      -     97     13      0      0      -      -   3615   1531  10485      2      0 
 21:00:12       3    177     66      -     96     13      0      0      -      -   3615   1531  10485      2      0 
 21:00:42       0    179     72      -     95     13      0      0      -      -   3615   1531  10485      2      0 
 21:00:42       1    182     70      -     95     13      0      0      -      -   3615   1531  10485      2      0 
 21:00:42       2    181     69      -     97     13      0      0      -      -   3615   1531  10485      2      0 
 21:00:42       3    169     66      -     97     13      0      0      -      -   3615   1531  10485      2      0 
#Time         gpu    pwr  gtemp  mtemp     sm    mem    enc    dec    jpg    ofa   mclk   pclk     fb   bar1   ccpm 
#HH:MM:SS     Idx      W      C      C      %      %      %      %      %      %    MHz    MHz     MB     MB     MB 
 21:01:12       0    179     71      -     96     13      0      0      -      -   3615   1531  10485      2      0 
 21:01:12       1    185     70      -     95     13      0      0      -      -   3615   1531  10485      2      0 
 21:01:12       2    183     69      -     97     13      0      0      -      -   3615   1531  10485      2      0 
 21:01:12       3    180     66      -     97     13      0      0      -      -   3615   1531  10485      2      0 
 21:01:42       0    141     72      -     96     13      0      0      -      -   3615   1531  10485      2      0 
 21:01:42       1    173     70      -     96     12      0      0      -      -   3615   1531  10485      2      0 
 21:01:42       2    151     69      -     97     13      0      0      -      -   3615   1531  10485      2      0 
 21:01:42       3    131     66      -     97     13      0      0      -      -   3615   1531  10485      2      0 
 21:02:12       0    144     70      -     73      6      0      0      -      -   3615   1531  10485      2      0 
 21:02:12       1    129     69      -     73      6      0      0      -      -   3615   1531  10485      2      0 
 21:02:12       2    126     68      -     77      7      0      0      -      -   3615   1531  10485      2      0 
 21:02:12       3    134     65      -     78      6      0      0      -      -   3615   1531  10485      2      0 
 21:02:42       0    180     71      -     96     12      0      0      -      -   3615   1531  10485      2      0 
 21:02:42       1    186     70      -     95     13      0      0      -      -   3615   1531  10485      2      0 
 21:02:42       2    184     69      -     97     12      0      0      -      -   3615   1531  10485      2      0 
 21:02:42       3    181     66      -     96     13      0      0      -      -   3615   1531  10485      2      0 
 21:03:12       0     65     68      -      0      0      0      0      -      -   3615   1531  10491      2      0 
 21:03:12       1     66     67      -      0      0      0      0      -      -   3615   1531  10491      2      0 
 21:03:12       2     69     67      -      0      0      0      0      -      -   3615   1531  10491      2      0 
 21:03:12       3     64     64      -      0      0      0      0      -      -   3615   1531  10491      2      0 
 21:03:42       0    145     68      -     92     19      0      0      -      -   3615   1531  10491      2      0 
 21:03:42       1    128     67      -     92     19      0      0      -      -   3615   1531  10491      2      0 
 21:03:42       2    137     66      -     95     19      0      0      -      -   3615   1531  10491      2      0 
 21:03:42       3    151     63      -     95     20      0      0      -      -   3615   1531  10491      2      0 
 21:04:12       0    149     68      -     93     17      0      0      -      -   3615   1531  10491      2      0 
 21:04:12       1    131     67      -     93     17      0      0      -      -   3615   1531  10491      2      0 
 21:04:12       2    138     66      -     95     18      0      0      -      -   3615   1531  10491      2      0 
 21:04:12       3    141     63      -     95     17      0      0      -      -   3615   1531  10491      2      0 
 21:04:42       0    137     68      -     76     14      0      0      -      -   3615   1531  10491      2      0 
 21:04:42       1    152     67      -     75     15      0      0      -      -   3615   1531  10491      2      0 
 21:04:42       2    135     66      -     80     14      0      0      -      -   3615   1531  10491      2      0 
 21:04:42       3    139     63      -     96     17      0      0      -      -   3615   1531  10491      2      0 
 21:05:12       0    167     69      -     93     18      0      0      -      -   3615   1531  10491      2      0 
 21:05:12       1    161     67      -     93     17      0      0      -      -   3615   1531  10491      2      0 
 21:05:12       2    145     67      -     96     17      0      0      -      -   3615   1531  10491      2      0 
 21:05:12       3    137     64      -     95     18      0      0      -      -   3615   1531  10491      2      0 
 21:05:42       0    139     69      -     93     17      0      0      -      -   3615   1531  10491      2      0 
 21:05:42       1    152     68      -     93     17      0      0      -      -   3615   1531  10491      2      0 
 21:05:42       2    136     67      -     97     15      0      0      -      -   3615   1531  10491      2      0 
 21:05:42       3    148     64      -     96     17      0      0      -      -   3615   1531  10491      2      0 
 21:06:12       0    156     69      -     94     17      0      0      -      -   3615   1531  10491      2      0 
 21:06:12       1    166     68      -     93     17      0      0      -      -   3615   1531  10491      2      0 
 21:06:12       2    167     67      -     97     13      0      0      -      -   3615   1531  10491      2      0 
 21:06:12       3    166     64      -     96     16      0      0      -      -   3615   1531  10491      2      0 
#Time         gpu    pwr  gtemp  mtemp     sm    mem    enc    dec    jpg    ofa   mclk   pclk     fb   bar1   ccpm 
#HH:MM:SS     Idx      W      C      C      %      %      %      %      %      %    MHz    MHz     MB     MB     MB 
 21:06:42       0    163     70      -     95     14      0      0      -      -   3615   1531  10491      2      0 
 21:06:42       1    146     68      -     95     13      0      0      -      -   3615   1531  10491      2      0 
 21:06:42       2    142     67      -     96     17      0      0      -      -   3615   1531  10491      2      0 
 21:06:42       3    149     65      -     96     15      0      0      -      -   3615   1531  10491      2      0 
 21:07:12       0    143     70      -     95     15      0      0      -      -   3615   1531  10491      2      0 
 21:07:12       1    137     69      -     94     16      0      0      -      -   3615   1531  10491      2      0 
 21:07:12       2    125     68      -     97     14      0      0      -      -   3615   1531  10491      2      0 
 21:07:12       3    142     65      -     96     16      0      0      -      -   3615   1531  10491      2      0 
 21:07:42       0    170     70      -     94     15      0      0      -      -   3615   1531  10491      2      0 
 21:07:42       1    176     69      -     94     15      0      0      -      -   3615   1531  10491      2      0 
 21:07:42       2    176     68      -     96     15      0      0      -      -   3615   1531  10491      2      0 
 21:07:42       3    172     65      -     96     16      0      0      -      -   3615   1531  10491      2      0 
 21:08:12       0    133     71      -     94     15      0      0      -      -   3615   1531  10491      2      0 
 21:08:12       1    122     69      -     94     15      0      0      -      -   3615   1531  10491      2      0 
 21:08:12       2    151     68      -     96     15      0      0      -      -   3615   1531  10491      2      0 
 21:08:12       3    159     65      -     96     15      0      0      -      -   3615   1531  10491      2      0 
 21:08:42       0    171     71      -     95     15      0      0      -      -   3615   1531  10491      2      0 
 21:08:42       1    171     69      -     95     13      0      0      -      -   3615   1531  10491      2      0 
 21:08:42       2    166     68      -     97     13      0      0      -      -   3615   1531  10491      2      0 
 21:08:42       3    141     66      -     97     13      0      0      -      -   3615   1531  10491      2      0 
 21:09:12       0    167     71      -     96     14      0      0      -      -   3615   1531  10491      2      0 
 21:09:12       1    164     70      -     94     15      0      0      -      -   3615   1531  10491      2      0 
 21:09:12       2    147     69      -     97     14      0      0      -      -   3615   1531  10491      2      0 
 21:09:12       3    133     66      -     96     15      0      0      -      -   3615   1531  10491      2      0 
 21:09:42       0    126     71      -     95     14      0      0      -      -   3615   1531  10491      2      0 
 21:09:42       1    134     70      -     95     13      0      0      -      -   3615   1531  10491      2      0 
 21:09:42       2    144     69      -     97     13      0      0      -      -   3615   1531  10491      2      0 
 21:09:42       3    153     66      -     97     14      0      0      -      -   3615   1531  10491      2      0 
 21:10:12       0    169     71      -     96     13      0      0      -      -   3615   1531  10491      2      0 
 21:10:12       1    175     70      -     95     13      0      0      -      -   3615   1531  10491      2      0 
 21:10:12       2    176     69      -     97     13      0      0      -      -   3615   1531  10491      2      0 
 21:10:12       3    172     66      -     97     13      0      0      -      -   3615   1531  10491      2      0 
 21:10:42       0     67     71      -     68      6      0      0      -      -   3615   1531  10491      2      0 
 21:10:42       1     68     70      -     68      6      0      0      -      -   3615   1531  10491      2      0 
 21:10:42       2     72     69      -     69      6      0      0      -      -   3615   1531  10491      2      0 
 21:10:42       3     97     66      -     69      6      0      0      -      -   3615   1531  10491      2      0 
 21:11:12       0    179     72      -     96     13      0      0      -      -   3615   1531  10491      2      0 
 21:11:12       1    185     70      -     95     13      0      0      -      -   3615   1531  10491      2      0 
 21:11:12       2    183     69      -     97     13      0      0      -      -   3615   1531  10491      2      0 
 21:11:12       3    177     66      -     97     13      0      0      -      -   3615   1531  10491      2      0 
 21:11:42       0    144     71      -     96     13      0      0      -      -   3615   1531  10491      2      0 
 21:11:42       1    139     70      -     96     12      0      0      -      -   3615   1531  10491      2      0 
 21:11:42       2    127     69      -     97     13      0      0      -      -   3615   1531  10491      2      0 
 21:11:42       3    156     66      -     97     13      0      0      -      -   3615   1531  10491      2      0 
#Time         gpu    pwr  gtemp  mtemp     sm    mem    enc    dec    jpg    ofa   mclk   pclk     fb   bar1   ccpm 
#HH:MM:SS     Idx      W      C      C      %      %      %      %      %      %    MHz    MHz     MB     MB     MB 
 21:12:12       0     67     71      -     96     13      0      0      -      -   3615   1531  10491      2      0 
 21:12:12       1     68     70      -     95     14      0      0      -      -   3615   1531  10491      2      0 
 21:12:12       2     72     69      -     97     13      0      0      -      -   3615   1531  10491      2      0 
 21:12:12       3     66     66      -     97     13      0      0      -      -   3615   1531  10491      2      0 
 21:12:42       0    176     71      -     96     13      0      0      -      -   3615   1531  10491      2      0 
 21:12:42       1    183     70      -     95     13      0      0      -      -   3615   1531  10491      2      0 
 21:12:42       2    182     69      -     98     13      0      0      -      -   3615   1531  10491      2      0 
 21:12:42       3    179     66      -     97     13      0      0      -      -   3615   1531  10491      2      0 
 21:13:12       0    178     71      -     96     13      0      0      -      -   3615   1531  10491      2      0 
 21:13:12       1    184     70      -     95     14      0      0      -      -   3615   1531  10491      2      0 
 21:13:12       2    183     69      -     97     13      0      0      -      -   3615   1531  10491      2      0 
 21:13:12       3    180     66      -     97     14      0      0      -      -   3615   1531  10491      2      0 
 21:13:42       0    165     71      -     84     11      0      0      -      -   3615   1531  10491      2      0 
 21:13:42       1    145     70      -     70     11      0      0      -      -   3615   1531  10491      2      0 
 21:13:42       2    137     69      -     98     13      0      0      -      -   3615   1531  10491      2      0 
 21:13:42       3    145     66      -     82     10      0      0      -      -   3615   1531  10491      2      0 
 21:14:12       0    137     71      -     97     11      0      0      -      -   3615   1531  10491      2      0 
 21:14:12       1    138     70      -     96     11      0      0      -      -   3615   1531  10491      2      0 
 21:14:12       2    147     69      -     97     13      0      0      -      -   3615   1531  10491      2      0 
 21:14:12       3    149     66      -     98     11      0      0      -      -   3615   1531  10491      2      0 
 21:14:42       0    160     71      -     37      3      0      0      -      -   3615   1531  10491      2      0 
 21:14:42       1    153     70      -     46      4      0      0      -      -   3615   1531  10491      2      0 
 21:14:42       2    137     69      -     24      4      0      0      -      -   3615   1531  10491      2      0 
 21:14:42       3    143     66      -     80      6      0      0      -      -   3615   1531  10491      2      0 
 21:15:12       0    169     71      -     95     13      0      0      -      -   3615   1531  10491      2      0 
 21:15:12       1    175     70      -     97     12      0      0      -      -   3615   1531  10491      2      0 
 21:15:12       2    175     69      -     97     12      0      0      -      -   3615   1531  10491      2      0 
 21:15:12       3    174     66      -     98     11      0      0      -      -   3615   1531  10491      2      0 
 21:15:42       0    154     71      -     97     10      0      0      -      -   3615   1531  10491      2      0 
 21:15:42       1    134     70      -     96     10      0      0      -      -   3615   1531  10491      2      0 
 21:15:42       2    145     68      -     98     11      0      0      -      -   3615   1531  10491      2      0 
 21:15:42       3    147     66      -     97     10      0      0      -      -   3615   1531  10491      2      0 
 21:16:12       0    132     71      -     96     13      0      0      -      -   3615   1531  10491      2      0 
 21:16:12       1    146     70      -     95     13      0      0      -      -   3615   1531  10491      2      0 
 21:16:12       2    140     68      -     97     13      0      0      -      -   3615   1531  10491      2      0 
 21:16:12       3    119     66      -     97     11      0      0      -      -   3615   1531  10491      2      0 
 21:16:42       0    139     71      -     95     13      0      0      -      -   3615   1531  10491      2      0 
 21:16:42       1    164     70      -     95     13      0      0      -      -   3615   1531  10491      2      0 
 21:16:42       2    147     69      -     97     13      0      0      -      -   3615   1531  10491      2      0 
 21:16:42       3    126     66      -     98     11      0      0      -      -   3615   1531  10491      2      0 
 21:17:12       0    185     72      -     96     14      0      0      -      -   3615   1531  10491      2      0 
 21:17:12       1    188     70      -     96     14      0      0      -      -   3615   1531  10491      2      0 
 21:17:12       2    189     69      -     97     14      0      0      -      -   3615   1531  10491      2      0 
 21:17:12       3    182     66      -     97     15      0      0      -      -   3615   1531  10491      2      0 
#Time         gpu    pwr  gtemp  mtemp     sm    mem    enc    dec    jpg    ofa   mclk   pclk     fb   bar1   ccpm 
#HH:MM:SS     Idx      W      C      C      %      %      %      %      %      %    MHz    MHz     MB     MB     MB 
 21:17:42       0     67     71      -     95      7      0      0      -      -   3615   1531  10491      2      0 
 21:17:42       1     68     70      -     98      9      0      0      -      -   3615   1531  10491      2      0 
 21:17:42       2     72     69      -     98     12      0      0      -      -   3615   1531  10491      2      0 
 21:17:42       3     66     66      -     99     10      0      0      -      -   3615   1531  10491      2      0 
 21:18:12       0    184     71      -     97      9      0      0      -      -   3615   1531  10491      2      0 
 21:18:12       1    186     70      -     98     10      0      0      -      -   3615   1531  10491      2      0 
 21:18:12       2    185     69      -     98      9      0      0      -      -   3615   1531  10491      2      0 
 21:18:12       3    182     66      -     96     13      0      0      -      -   3615   1531  10491      2      0 
 21:18:42       0    133     72      -     95     14      0      0      -      -   3615   1531  10491      2      0 
 21:18:42       1    167     70      -     95     14      0      0      -      -   3615   1531  10491      2      0 
 21:18:42       2    155     69      -     98      8      0      0      -      -   3615   1531  10491      2      0 
 21:18:42       3    130     66      -     97     13      0      0      -      -   3615   1531  10491      2      0 
 21:19:12       0    183     71      -     96     13      0      0      -      -   3615   1531  10491      2      0 
 21:19:12       1    186     70      -     94     14      0      0      -      -   3615   1531  10491      2      0 
 21:19:12       2    184     69      -     96     13      0      0      -      -   3615   1531  10491      2      0 
 21:19:12       3    180     66      -     96     13      0      0      -      -   3615   1531  10491      2      0 
 21:19:42       0    160     72      -     96     13      0      0      -      -   3615   1531  10491      2      0 
 21:19:42       1    145     70      -     96     14      0      0      -      -   3615   1531  10491      2      0 
 21:19:42       2    135     69      -     97     13      0      0      -      -   3615   1531  10491      2      0 
 21:19:42       3    146     66      -     97     13      0      0      -      -   3615   1531  10491      2      0 
 21:20:12       0    165     71      -     96     14      0      0      -      -   3615   1531  10491      2      0 
 21:20:12       1    168     70      -     96     12      0      0      -      -   3615   1531  10491      2      0 
 21:20:12       2    165     69      -     97     13      0      0      -      -   3615   1531  10491      2      0 
 21:20:12       3    157     66      -     98     10      0      0      -      -   3615   1531  10491      2      0 
 21:20:42       0     66     71      -     61      5      0      0      -      -   3615   1531  10491      2      0 
 21:20:42       1     67     69      -     80      6      0      0      -      -   3615   1531  10491      2      0 
 21:20:42       2     72     68      -     55      5      0      0      -      -   3615   1531  10491      2      0 
 21:20:42       3     66     65      -     80      7      0      0      -      -   3615   1531  10491      2      0 
 21:21:13       0    137     71      -     98      7      0      0      -      -   3615   1531  10491      2      0 
 21:21:13       1    156     69      -     98      7      0      0      -      -   3615   1531  10491      2      0 
 21:21:13       2    144     68      -     97     10      0      0      -      -   3615   1531  10491      2      0 
 21:21:13       3    134     66      -     99      7      0      0      -      -   3615   1531  10491      2      0 
 21:21:43       0    163     71      -     96     14      0      0      -      -   3615   1531  10491      2      0 
 21:21:43       1    160     70      -     96     14      0      0      -      -   3615   1531  10491      2      0 
 21:21:43       2    147     69      -     97     13      0      0      -      -   3615   1531  10491      2      0 
 21:21:43       3    125     66      -     97     13      0      0      -      -   3615   1531  10491      2      0 
 21:22:13       0    134     71      -     97     12      0      0      -      -   3615   1531  10491      2      0 
 21:22:13       1    146     70      -     96     13      0      0      -      -   3615   1531  10491      2      0 
 21:22:13       2    167     69      -     97     13      0      0      -      -   3615   1531  10491      2      0 
 21:22:13       3    126     66      -     97     13      0      0      -      -   3615   1531  10491      2      0 
 21:22:43       0    151     71      -     98      9      0      0      -      -   3615   1531  10491      2      0 
 21:22:43       1    144     70      -     97     11      0      0      -      -   3615   1531  10491      2      0 
 21:22:43       2    128     68      -     99      7      0      0      -      -   3615   1531  10491      2      0 
 21:22:43       3    134     66      -     98     12      0      0      -      -   3615   1531  10491      2      0 
#Time         gpu    pwr  gtemp  mtemp     sm    mem    enc    dec    jpg    ofa   mclk   pclk     fb   bar1   ccpm 
#HH:MM:SS     Idx      W      C      C      %      %      %      %      %      %    MHz    MHz     MB     MB     MB 
 21:23:13       0    134     71      -     94     13      0      0      -      -   3615   1531  10491      2      0 
 21:23:13       1    122     70      -     99      6      0      0      -      -   3615   1531  10491      2      0 
 21:23:13       2    152     69      -     99      9      0      0      -      -   3615   1531  10491      2      0 
 21:23:13       3    140     66      -     99      7      0      0      -      -   3615   1531  10491      2      0 
 21:23:43       0    130     71      -     98      9      0      0      -      -   3615   1531  10491      2      0 
 21:23:43       1    144     70      -     96     13      0      0      -      -   3615   1531  10491      2      0 
 21:23:43       2    148     69      -     99      8      0      0      -      -   3615   1531  10491      2      0 
 21:23:43       3    125     66      -     98     12      0      0      -      -   3615   1531  10491      2      0 
 21:24:13       0    183     71      -     95     14      0      0      -      -   3615   1531  10491      2      0 
 21:24:13       1    185     70      -     96     13      0      0      -      -   3615   1531  10491      2      0 
 21:24:13       2    186     69      -     98     11      0      0      -      -   3615   1531  10491      2      0 
 21:24:13       3    181     66      -     97     14      0      0      -      -   3615   1531  10491      2      0 
 21:24:43       0    182     70      -     91      7      0      0      -      -   3615   1531  10491      2      0 
 21:24:43       1    183     69      -     52      4      0      0      -      -   3615   1531  10491      2      0 
 21:24:43       2    180     68      -     62      5      0      0      -      -   3615   1531  10491      2      0 
 21:24:43       3    178     65      -     49      4      0      0      -      -   3615   1531  10491      2      0 
 21:25:13       0    184     71      -     96     13      0      0      -      -   3615   1531  10491      2      0 
 21:25:13       1    190     70      -     95     14      0      0      -      -   3615   1531  10491      2      0 
 21:25:13       2    189     69      -     97     14      0      0      -      -   3615   1531  10491      2      0 
 21:25:13       3    183     66      -     97     14      0      0      -      -   3615   1531  10491      2      0 
 21:25:43       0    182     71      -     96     13      0      0      -      -   3615   1531  10491      2      0 
 21:25:43       1    187     70      -     96     12      0      0      -      -   3615   1531  10491      2      0 
 21:25:43       2    185     69      -     97     14      0      0      -      -   3615   1531  10491      2      0 
 21:25:43       3    180     66      -     98     11      0      0      -      -   3615   1531  10491      2      0 
 21:26:13       0     66     70      -     51      4      0      0      -      -   3615   1531  10491      2      0 
 21:26:13       1     87     69      -     59      5      0      0      -      -   3615   1531  10491      2      0 
 21:26:13       2    124     68      -     38      4      0      0      -      -   3615   1531  10491      2      0 
 21:26:13       3    131     65      -     17      0      0      0      -      -   3615   1531  10491      2      0 
 21:26:43       0    178     71      -     99      7      0      0      -      -   3615   1531  10491      2      0 
 21:26:43       1    182     70      -     98      8      0      0      -      -   3615   1531  10491      2      0 
 21:26:43       2    184     68      -     99      8      0      0      -      -   3615   1531  10491      2      0 
 21:26:43       3    178     66      -     97     13      0      0      -      -   3615   1531  10491      2      0 
 21:27:13       0    182     71      -     94     14      0      0      -      -   3615   1531  10491      2      0 
 21:27:13       1    185     70      -     96     12      0      0      -      -   3615   1531  10491      2      0 
 21:27:13       2    186     69      -     96     13      0      0      -      -   3615   1531  10491      2      0 
 21:27:13       3    180     66      -     96     10      0      0      -      -   3615   1531  10491      2      0 
 21:27:43       0    127     71      -     98      9      0      0      -      -   3615   1531  10491      2      0 
 21:27:43       1    168     70      -     97     11      0      0      -      -   3615   1531  10491      2      0 
 21:27:43       2    151     69      -     96     14      0      0      -      -   3615   1531  10491      2      0 
 21:27:43       3    130     66      -     98     13      0      0      -      -   3615   1531  10491      2      0 
 21:28:13       0    150     71      -     96     14      0      0      -      -   3615   1531  10491      2      0 
 21:28:13       1    155     70      -     98      6      0      0      -      -   3615   1531  10491      2      0 
 21:28:13       2    137     69      -     97     13      0      0      -      -   3615   1531  10491      2      0 
 21:28:13       3    133     66      -    100      5      0      0      -      -   3615   1531  10491      2      0 
#Time         gpu    pwr  gtemp  mtemp     sm    mem    enc    dec    jpg    ofa   mclk   pclk     fb   bar1   ccpm 
#HH:MM:SS     Idx      W      C      C      %      %      %      %      %      %    MHz    MHz     MB     MB     MB 
 21:28:43       0    137     71      -     96     13      0      0      -      -   3615   1531  10491      2      0 
 21:28:43       1    121     70      -     96     13      0      0      -      -   3615   1531  10491      2      0 
 21:28:43       2    146     69      -    100      8      0      0      -      -   3615   1531  10491      2      0 
 21:28:43       3    160     66      -     99      6      0      0      -      -   3615   1531  10491      2      0 
 21:29:13       0    132     71      -    100      6      0      0      -      -   3615   1531  10491      2      0 
 21:29:13       1    126     70      -     99      7      0      0      -      -   3615   1531  10491      2      0 
 21:29:13       2    157     69      -    100      5      0      0      -      -   3615   1531  10491      2      0 
 21:29:13       3    149     66      -     99      9      0      0      -      -   3615   1531  10491      2      0 
 21:29:43       0    156     71      -     64      5      0      0      -      -   3615   1531  10491      2      0 
 21:29:43       1    136     69      -     48      4      0      0      -      -   3615   1531  10491      2      0 
 21:29:43       2    123     68      -     60      4      0      0      -      -   3615   1531  10491      2      0 
 21:29:43       3    108     65      -     58      4      0      0      -      -   3615   1531  10491      2      0 
 21:30:13       0    183     71      -     98      9      0      0      -      -   3615   1531  10491      2      0 
 21:30:13       1    185     70      -     97     11      0      0      -      -   3615   1531  10491      2      0 
 21:30:13       2    187     69      -     98     10      0      0      -      -   3615   1531  10491      2      0 
 21:30:13       3    180     66      -     97     13      0      0      -      -   3615   1531  10491      2      0 
 21:30:43       0    180     71      -     92     12      0      0      -      -   3615   1531  10491      2      0 
 21:30:43       1    187     69      -     84     11      0      0      -      -   3615   1531  10491      2      0 
 21:30:43       2    174     68      -     98     11      0      0      -      -   3615   1531  10491      2      0 
 21:30:43       3    155     65      -     89     12      0      0      -      -   3615   1531  10491      2      0 
 21:31:13       0     14     63      -      0      0      0      0      -      -    405    544      0      2      0 
 21:31:13       1     14     62      -      0      0      0      0      -      -    405    544      0      2      0 
 21:31:13       2     16     62      -      0      0      0      0      -      -    405    544      0      2      0 
 21:31:13       3     14     58      -      0      0      0      0      -      -    405    544      0      2      0 
 21:31:43       0    133     62      -     94     19      0      0      -      -   3615   1531   9723      2      0 
 21:31:43       1    129     61      -     94     19      0      0      -      -   3615   1531   9723      2      0 
 21:31:43       2    115     60      -     89     19      0      0      -      -   3615   1531   9723      2      0 
 21:31:43       3     95     58      -     89     19      0      0      -      -   3615   1531   9723      2      0 
 21:32:13       0    131     64      -     94     18      0      0      -      -   3615   1531   9723      2      0 
 21:32:13       1    158     63      -     94     18      0      0      -      -   3615   1531   9723      2      0 
 21:32:13       2    124     62      -     90     18      0      0      -      -   3615   1531   9723      2      0 
 21:32:13       3    133     60      -     90     19      0      0      -      -   3615   1531   9723      2      0 
 21:32:43       0    113     66      -     94     18      0      0      -      -   3615   1531   9723      2      0 
 21:32:43       1    149     64      -     95     17      0      0      -      -   3615   1531   9723      2      0 
 21:32:43       2    148     64      -     91     17      0      0      -      -   3615   1531   9723      2      0 
 21:32:43       3    126     62      -     91     16      0      0      -      -   3615   1531   9723      2      0 
 21:33:13       0    123     67      -     94     17      0      0      -      -   3615   1531   9723      2      0 
 21:33:13       1    142     66      -     95     16      0      0      -      -   3615   1531   9723      2      0 
 21:33:13       2    132     65      -     92     16      0      0      -      -   3615   1531   9723      2      0 
 21:33:13       3    115     63      -     91     16      0      0      -      -   3615   1531   9723      2      0 
 21:33:43       0    130     68      -     94     19      0      0      -      -   3615   1531   9723      2      0 
 21:33:43       1    118     67      -     94     19      0      0      -      -   3615   1531   9723      2      0 
 21:33:43       2    139     66      -     89     19      0      0      -      -   3615   1531   9723      2      0 
 21:33:43       3    155     63      -     89     19      0      0      -      -   3615   1531   9723      2      0 
#Time         gpu    pwr  gtemp  mtemp     sm    mem    enc    dec    jpg    ofa   mclk   pclk     fb   bar1   ccpm 
#HH:MM:SS     Idx      W      C      C      %      %      %      %      %      %    MHz    MHz     MB     MB     MB 
 21:34:13       0    128     68      -     94     17      0      0      -      -   3615   1531   9723      2      0 
 21:34:13       1    142     67      -     94     18      0      0      -      -   3615   1531   9723      2      0 
 21:34:13       2    151     66      -     90     17      0      0      -      -   3615   1531   9723      2      0 
 21:34:13       3    151     63      -     90     18      0      0      -      -   3615   1531   9723      2      0 
 21:34:43       0    143     69      -     94     18      0      0      -      -   3615   1531   9723      2      0 
 21:34:43       1    132     68      -     94     16      0      0      -      -   3615   1531   9723      2      0 
 21:34:43       2    145     67      -     91     17      0      0      -      -   3615   1531   9723      2      0 
 21:34:43       3    157     64      -     90     18      0      0      -      -   3615   1531   9723      2      0 
 21:35:13       0    147     70      -     95     15      0      0      -      -   3615   1531   9723      2      0 
 21:35:13       1    133     68      -     95     15      0      0      -      -   3615   1531   9723      2      0 
 21:35:13       2    141     68      -     92     15      0      0      -      -   3615   1531   9723      2      0 
 21:35:13       3    137     65      -     90     17      0      0      -      -   3615   1531   9723      2      0 
 21:35:43       0    137     70      -     89     15      0      0      -      -   3615   1531   9723      2      0 
 21:35:43       1    162     69      -     77     13      0      0      -      -   3615   1531   9723      2      0 
 21:35:43       2    135     68      -     74     14      0      0      -      -   3615   1531   9723      2      0 
 21:35:43       3    131     65      -     91     17      0      0      -      -   3615   1531   9723      2      0 
 21:36:13       0    108     71      -     93     15      0      0      -      -   3615   1531   9723      2      0 
 21:36:13       1    101     70      -     95     16      0      0      -      -   3615   1531   9723      2      0 
 21:36:13       2     96     69      -     91     16      0      0      -      -   3615   1531   9723      2      0 
 21:36:13       3     84     66      -     91     17      0      0      -      -   3615   1531   9723      2      0 
 21:36:43       0    175     72      -     95     16      0      0      -      -   3615   1531   9723      2      0 
 21:36:43       1    175     71      -     95     16      0      0      -      -   3615   1531   9723      2      0 
 21:36:43       2    162     70      -     91     16      0      0      -      -   3615   1531   9723      2      0 
 21:36:43       3    139     66      -     91     16      0      0      -      -   3615   1531   9723      2      0 
 21:37:13       0    141     72      -     95     15      0      0      -      -   3615   1531   9723      2      0 
 21:37:13       1    131     71      -     96     13      0      0      -      -   3615   1531   9723      2      0 
 21:37:13       2    129     70      -     94     13      0      0      -      -   3615   1531   9723      2      0 
 21:37:13       3    147     66      -     93     14      0      0      -      -   3615   1531   9723      2      0 
 21:37:43       0    145     72      -     96     15      0      0      -      -   3615   1531   9723      2      0 
 21:37:43       1    162     70      -     71     11      0      0      -      -   3615   1531   9723      2      0 
 21:37:43       2    167     70      -     68     11      0      0      -      -   3615   1531   9723      2      0 
 21:37:43       3    165     66      -     67     12      0      0      -      -   3615   1531   9723      2      0 
 21:38:13       0    125     72      -     95     15      0      0      -      -   3615   1531   9723      2      0 
 21:38:13       1    140     71      -     96     15      0      0      -      -   3615   1531   9723      2      0 
 21:38:13       2    153     70      -     93     16      0      0      -      -   3615   1531   9723      2      0 
 21:38:13       3    153     66      -     93     16      0      0      -      -   3615   1531   9723      2      0 
 21:38:43       0    120     72      -     96     13      0      0      -      -   3615   1531   9723      2      0 
 21:38:43       1    151     71      -     96     15      0      0      -      -   3615   1531   9723      2      0 
 21:38:43       2    150     70      -     92     14      0      0      -      -   3615   1531   9723      2      0 
 21:38:43       3    126     66      -     93     13      0      0      -      -   3615   1531   9723      2      0 
 21:39:13       0    127     71      -     96     14      0      0      -      -   3615   1531   9723      2      0 
 21:39:13       1    146     70      -     65     12      0      0      -      -   3615   1531   9723      2      0 
 21:39:13       2    134     69      -     62     12      0      0      -      -   3615   1531   9723      2      0 
 21:39:13       3    115     66      -     63     10      0      0      -      -   3615   1531   9723      2      0 
#Time         gpu    pwr  gtemp  mtemp     sm    mem    enc    dec    jpg    ofa   mclk   pclk     fb   bar1   ccpm 
#HH:MM:SS     Idx      W      C      C      %      %      %      %      %      %    MHz    MHz     MB     MB     MB 
 21:39:43       0    135     71      -     96     13      0      0      -      -   3615   1531   9723      2      0 
 21:39:43       1    121     70      -     96     14      0      0      -      -   3615   1531   9723      2      0 
 21:39:43       2    150     69      -     93     14      0      0      -      -   3615   1531   9723      2      0 
 21:39:43       3    155     66      -     93     13      0      0      -      -   3615   1531   9723      2      0 
 21:40:13       0    137     72      -     96     14      0      0      -      -   3615   1531   9723      2      0 
 21:40:13       1    124     70      -     96     13      0      0      -      -   3615   1531   9723      2      0 
 21:40:13       2    115     69      -     93     13      0      0      -      -   3615   1531   9723      2      0 
 21:40:13       3    102     66      -     93     13      0      0      -      -   3615   1531   9723      2      0 
 21:40:43       0    115     72      -     96     13      0      0      -      -   3615   1531   9723      2      0 
 21:40:43       1    104     71      -     96     14      0      0      -      -   3615   1531   9723      2      0 
 21:40:43       2    100     69      -     94     13      0      0      -      -   3615   1531   9723      2      0 
 21:40:43       3     88     66      -     94     13      0      0      -      -   3615   1531   9723      2      0 
 21:41:13       0    180     71      -     96     13      0      0      -      -   3615   1531   9723      2      0 
 21:41:13       1    185     71      -     96     12      0      0      -      -   3615   1531   9723      2      0 
 21:41:13       2    184     69      -     94     12      0      0      -      -   3615   1531   9723      2      0 
 21:41:13       3    181     66      -     94     13      0      0      -      -   3615   1531   9723      2      0 
 21:41:43       0    144     72      -     97     12      0      0      -      -   3615   1531   9723      2      0 
 21:41:43       1    132     70      -     96     13      0      0      -      -   3615   1531   9723      2      0 
 21:41:43       2    119     69      -     94     13      0      0      -      -   3615   1531   9723      2      0 
 21:41:43       3    148     66      -     93     13      0      0      -      -   3615   1531   9723      2      0 
 21:42:13       0    145     71      -     97     13      0      0      -      -   3615   1531   9723      2      0 
 21:42:13       1    132     70      -     96     12      0      0      -      -   3615   1531   9723      2      0 
 21:42:13       2    121     69      -     94     12      0      0      -      -   3615   1531   9723      2      0 
 21:42:13       3    144     66      -     94     12      0      0      -      -   3615   1531   9723      2      0 
 21:42:43       0    165     72      -     96     13      0      0      -      -   3615   1531   9723      2      0 
 21:42:43       1    167     70      -     96     13      0      0      -      -   3615   1531   9723      2      0 
 21:42:43       2    155     69      -     93     13      0      0      -      -   3615   1531   9723      2      0 
 21:42:43       3    131     66      -     94     11      0      0      -      -   3615   1531   9723      2      0 
 21:43:13       0    120     71      -     97     12      0      0      -      -   3615   1531   9723      2      0 
 21:43:13       1    154     71      -     96     13      0      0      -      -   3615   1531   9723      2      0 
 21:43:13       2    152     69      -     94     13      0      0      -      -   3615   1531   9723      2      0 
 21:43:13       3    130     66      -     93     13      0      0      -      -   3615   1531   9723      2      0 
 21:43:43       0    133     69      -     94     19      0      0      -      -   3615   1531   9723      2      0 
 21:43:43       1    145     68      -     94     19      0      0      -      -   3615   1531   9723      2      0 
 21:43:43       2    127     67      -     89     19      0      0      -      -   3615   1531   9723      2      0 
 21:43:43       3    116     64      -     89     19      0      0      -      -   3615   1531   9723      2      0 
 21:44:13       0    141     68      -     94     18      0      0      -      -   3615   1531   9723      2      0 
 21:44:13       1    136     67      -     94     18      0      0      -      -   3615   1531   9723      2      0 
 21:44:13       2    147     66      -     90     17      0      0      -      -   3615   1531   9723      2      0 
 21:44:13       3    150     63      -     90     17      0      0      -      -   3615   1531   9723      2      0 
 21:44:44       0     72     68      -     95     17      0      0      -      -   3615   1531   9723      2      0 
 21:44:44       1     72     67      -     94     18      0      0      -      -   3615   1531   9723      2      0 
 21:44:44       2     93     66      -     90     18      0      0      -      -   3615   1531   9723      2      0 
 21:44:44       3    105     63      -     91     16      0      0      -      -   3615   1531   9723      2      0 
#Time         gpu    pwr  gtemp  mtemp     sm    mem    enc    dec    jpg    ofa   mclk   pclk     fb   bar1   ccpm 
#HH:MM:SS     Idx      W      C      C      %      %      %      %      %      %    MHz    MHz     MB     MB     MB 
 21:45:14       0    147     69      -     95     16      0      0      -      -   3615   1531   9723      2      0 
 21:45:14       1    132     68      -     94     17      0      0      -      -   3615   1531   9723      2      0 
 21:45:14       2    134     66      -     90     18      0      0      -      -   3615   1531   9723      2      0 
 21:45:14       3    154     64      -     92     16      0      0      -      -   3615   1531   9723      2      0 
 21:45:44       0    123     69      -     95     15      0      0      -      -   3615   1531   9723      2      0 
 21:45:44       1    159     68      -     77     12      0      0      -      -   3615   1531   9723      2      0 
 21:45:44       2    144     67      -     74     13      0      0      -      -   3615   1531   9723      2      0 
 21:45:44       3    124     64      -     92     14      0      0      -      -   3615   1531   9723      2      0 
 21:46:14       0    123     69      -     74     11      0      0      -      -   3615   1531   9723      2      0 
 21:46:14       1    139     68      -     95     17      0      0      -      -   3615   1531   9723      2      0 
 21:46:14       2    133     67      -     91     16      0      0      -      -   3615   1531   9723      2      0 
 21:46:14       3    114     64      -     92     15      0      0      -      -   3615   1531   9723      2      0 
 21:46:44       0    129     70      -     95     16      0      0      -      -   3615   1531   9723      2      0 
 21:46:44       1    151     69      -     96     15      0      0      -      -   3615   1531   9723      2      0 
 21:46:44       2    132     67      -     92     15      0      0      -      -   3615   1531   9723      2      0 
 21:46:44       3    132     64      -     94     13      0      0      -      -   3615   1531   9723      2      0 
 21:47:14       0    159     70      -     96     13      0      0      -      -   3615   1531   9723      2      0 
 21:47:14       1    171     69      -     96     14      0      0      -      -   3615   1531   9723      2      0 
 21:47:14       2    173     68      -     91     15      0      0      -      -   3615   1531   9723      2      0 
 21:47:14       3    172     65      -     92     16      0      0      -      -   3615   1531   9723      2      0 
 21:47:44       0    157     71      -     96     13      0      0      -      -   3615   1531   9723      2      0 
 21:47:44       1    129     69      -     88     14      0      0      -      -   3615   1531   9723      2      0 
 21:47:44       2    141     68      -     89     14      0      0      -      -   3615   1531   9723      2      0 
 21:47:44       3    126     65      -     92     15      0      0      -      -   3615   1531   9723      2      0 
 21:48:14       0    155     71      -     95     15      0      0      -      -   3615   1531   9723      2      0 
 21:48:14       1    134     70      -     96     15      0      0      -      -   3615   1531   9723      2      0 
 21:48:14       2    145     68      -     93     13      0      0      -      -   3615   1531   9723      2      0 
 21:48:14       3    127     66      -     92     15      0      0      -      -   3615   1531   9723      2      0 
 21:48:44       0    174     71      -     96     13      0      0      -      -   3615   1531   9723      2      0 
 21:48:44       1    181     70      -     96     14      0      0      -      -   3615   1531   9723      2      0 
 21:48:44       2    179     68      -     93     14      0      0      -      -   3615   1531   9723      2      0 
 21:48:44       3    177     66      -     93     14      0      0      -      -   3615   1531   9723      2      0 
 21:49:14       0    178     71      -     96     14      0      0      -      -   3615   1531   9723      2      0 
 21:49:14       1    183     70      -     76     10      0      0      -      -   3615   1531   9723      2      0 
 21:49:14       2    182     69      -     77     10      0      0      -      -   3615   1531   9723      2      0 
 21:49:14       3    175     66      -     94     13      0      0      -      -   3615   1531   9723      2      0 
 21:49:44       0    153     71      -     96     14      0      0      -      -   3615   1531   9723      2      0 
 21:49:44       1    163     70      -     96     13      0      0      -      -   3615   1531   9723      2      0 
 21:49:44       2    168     68      -     94     13      0      0      -      -   3615   1531   9723      2      0 
 21:49:44       3    168     66      -     93     14      0      0      -      -   3615   1531   9723      2      0 
 21:50:14       0     70     71      -     96     13      0      0      -      -   3615   1531   9723      2      0 
 21:50:14       1     70     71      -     96     14      0      0      -      -   3615   1531   9723      2      0 
 21:50:14       2     74     68      -     93     14      0      0      -      -   3615   1531   9723      2      0 
 21:50:14       3     68     66      -     94     13      0      0      -      -   3615   1531   9723      2      0 
#Time         gpu    pwr  gtemp  mtemp     sm    mem    enc    dec    jpg    ofa   mclk   pclk     fb   bar1   ccpm 
#HH:MM:SS     Idx      W      C      C      %      %      %      %      %      %    MHz    MHz     MB     MB     MB 
 21:50:44       0     72     71      -     96     13      0      0      -      -   3615   1531   9723      2      0 
 21:50:44       1     72     70      -     96     13      0      0      -      -   3615   1531   9723      2      0 
 21:50:44       2     76     68      -     94     13      0      0      -      -   3615   1531   9723      2      0 
 21:50:44       3     69     66      -     94     13      0      0      -      -   3615   1531   9723      2      0 
 21:51:14       0    181     71      -     96     13      0      0      -      -   3615   1531   9723      2      0 
 21:51:14       1    186     70      -     96     12      0      0      -      -   3615   1531   9723      2      0 
 21:51:14       2    184     69      -     94     13      0      0      -      -   3615   1531   9723      2      0 
 21:51:14       3    181     66      -     94     12      0      0      -      -   3615   1531   9723      2      0 
 21:51:44       0    132     71      -     97     12      0      0      -      -   3615   1531   9723      2      0 
 21:51:44       1    144     71      -     96     13      0      0      -      -   3615   1531   9723      2      0 
 21:51:44       2    125     68      -     94     13      0      0      -      -   3615   1531   9723      2      0 
 21:51:44       3    120     66      -     94     13      0      0      -      -   3615   1531   9723      2      0 
 21:52:14       0    123     72      -     96     13      0      0      -      -   3615   1531   9723      2      0 
 21:52:14       1    157     70      -     97     12      0      0      -      -   3615   1531   9723      2      0 
 21:52:14       2    149     69      -     94     11      0      0      -      -   3615   1531   9723      2      0 
 21:52:14       3    128     66      -     94     12      0      0      -      -   3615   1531   9723      2      0 
 21:52:44       0    180     72      -     97     12      0      0      -      -   3615   1531   9723      2      0 
 21:52:44       1    186     70      -     97     12      0      0      -      -   3615   1531   9723      2      0 
 21:52:44       2    183     69      -     94     12      0      0      -      -   3615   1531   9723      2      0 
 21:52:44       3    180     66      -     94     11      0      0      -      -   3615   1531   9723      2      0 
 21:53:14       0    180     72      -     96     13      0      0      -      -   3615   1531   9723      2      0 
 21:53:14       1    184     71      -     97     12      0      0      -      -   3615   1531   9723      2      0 
 21:53:14       2    176     69      -     95     11      0      0      -      -   3615   1531   9723      2      0 
 21:53:14       3    168     66      -     95     11      0      0      -      -   3615   1531   9723      2      0 
 21:53:44       0    130     72      -     97     11      0      0      -      -   3615   1531   9723      2      0 
 21:53:44       1    152     70      -     97     11      0      0      -      -   3615   1531   9723      2      0 
 21:53:44       2    123     69      -     95     11      0      0      -      -   3615   1531   9723      2      0 
 21:53:44       3    140     66      -     95     12      0      0      -      -   3615   1531   9723      2      0 
 21:54:14       0    145     71      -     97     11      0      0      -      -   3615   1531   9723      2      0 
 21:54:14       1    133     70      -     98     11      0      0      -      -   3615   1531   9723      2      0 
 21:54:14       2    121     69      -     93     13      0      0      -      -   3615   1531   9723      2      0 
 21:54:14       3    142     66      -     96     11      0      0      -      -   3615   1531   9723      2      0 
 21:54:44       0    149     72      -     98     11      0      0      -      -   3615   1531   9723      2      0 
 21:54:44       1    133     71      -     96     13      0      0      -      -   3615   1531   9723      2      0 
 21:54:44       2    145     69      -     94     13      0      0      -      -   3615   1531   9723      2      0 
 21:54:44       3    138     66      -     94     13      0      0      -      -   3615   1531   9723      2      0 
 21:55:14       0    137     72      -     97     11      0      0      -      -   3615   1531   9723      2      0 
 21:55:14       1    155     71      -     96     13      0      0      -      -   3615   1531   9723      2      0 
 21:55:14       2    138     69      -     94     13      0      0      -      -   3615   1531   9723      2      0 
 21:55:14       3    127     66      -     95     12      0      0      -      -   3615   1531   9723      2      0 
 21:55:44       0    183     72      -     96     14      0      0      -      -   3615   1531   9723      2      0 
 21:55:44       1    187     70      -     96     14      0      0      -      -   3615   1531   9723      2      0 
 21:55:44       2    185     69      -     95      9      0      0      -      -   3615   1531   9723      2      0 
 21:55:44       3    182     66      -     93     13      0      0      -      -   3615   1531   9723      2      0 
#Time         gpu    pwr  gtemp  mtemp     sm    mem    enc    dec    jpg    ofa   mclk   pclk     fb   bar1   ccpm 
#HH:MM:SS     Idx      W      C      C      %      %      %      %      %      %    MHz    MHz     MB     MB     MB 
 21:56:14       0    181     71      -     96     13      0      0      -      -   3615   1531   9723      2      0 
 21:56:14       1    186     70      -     98     10      0      0      -      -   3615   1531   9723      2      0 
 21:56:14       2    185     69      -     96     10      0      0      -      -   3615   1531   9723      2      0 
 21:56:14       3    182     66      -     95     11      0      0      -      -   3615   1531   9723      2      0 
 21:56:44       0    174     71      -     98     10      0      0      -      -   3615   1531   9723      2      0 
 21:56:44       1    181     70      -     97     10      0      0      -      -   3615   1531   9723      2      0 
 21:56:44       2    180     68      -     95     11      0      0      -      -   3615   1531   9723      2      0 
 21:56:44       3    178     66      -     96      9      0      0      -      -   3615   1531   9723      2      0 
 21:57:14       0    180     71      -     98     10      0      0      -      -   3615   1531   9723      2      0 
 21:57:14       1    183     70      -     98      9      0      0      -      -   3615   1531   9723      2      0 
 21:57:14       2    182     69      -     96     10      0      0      -      -   3615   1531   9723      2      0 
 21:57:14       3    180     66      -     94     14      0      0      -      -   3615   1531   9723      2      0 
 21:57:44       0    162     71      -     97     12      0      0      -      -   3615   1531   9723      2      0 
 21:57:44       1    148     70      -     96     12      0      0      -      -   3615   1531   9723      2      0 
 21:57:44       2    136     69      -     95     11      0      0      -      -   3615   1531   9723      2      0 
 21:57:44       3    155     66      -     95     11      0      0      -      -   3615   1531   9723      2      0 
 21:58:14       0    165     71      -     96     13      0      0      -      -   3615   1531   9723      2      0 
 21:58:14       1    171     70      -     95     13      0      0      -      -   3615   1531   9723      2      0 
 21:58:14       2    165     69      -     93     13      0      0      -      -   3615   1531   9723      2      0 
 21:58:14       3    148     66      -     92     13      0      0      -      -   3615   1531   9723      2      0 
 21:58:44       0    169     71      -     96     13      0      0      -      -   3615   1531   9723      2      0 
 21:58:44       1    143     70      -     97     11      0      0      -      -   3615   1531   9723      2      0 
 21:58:44       2    143     69      -     95     12      0      0      -      -   3615   1531   9723      2      0 
 21:58:44       3    147     66      -     94     13      0      0      -      -   3615   1531   9723      2      0 
 21:59:14       0    138     71      -     98      9      0      0      -      -   3615   1531   9723      2      0 
 21:59:14       1    136     70      -     97     13      0      0      -      -   3615   1531   9723      2      0 
 21:59:14       2    145     69      -     93     13      0      0      -      -   3615   1531   9723      2      0 
 21:59:14       3    150     66      -     92     13      0      0      -      -   3615   1531   9723      2      0 
 21:59:44       0    167     71      -     97     12      0      0      -      -   3615   1531   9723      2      0 
 21:59:44       1    168     70      -     97     13      0      0      -      -   3615   1531   9723      2      0 
 21:59:44       2    166     69      -     94     13      0      0      -      -   3615   1531   9723      2      0 
 21:59:44       3    160     66      -     92     13      0      0      -      -   3615   1531   9723      2      0 
 22:00:14       0    184     71      -     98     10      0      0      -      -   3615   1531   9723      2      0 
 22:00:14       1    186     70      -     97     13      0      0      -      -   3615   1531   9723      2      0 
 22:00:14       2    186     69      -     94     13      0      0      -      -   3615   1531   9723      2      0 
 22:00:14       3    181     66      -     94     13      0      0      -      -   3615   1531   9723      2      0 
 22:00:44       0    169     71      -     96     13      0      0      -      -   3615   1531   9723      2      0 
 22:00:44       1    169     70      -     97     12      0      0      -      -   3615   1531   9723      2      0 
 22:00:44       2    165     68      -     95     12      0      0      -      -   3615   1531   9723      2      0 
 22:00:44       3    158     66      -     93     10      0      0      -      -   3615   1531   9723      2      0 
 22:01:14       0    178     71      -     96     12      0      0      -      -   3615   1531   9723      2      0 
 22:01:14       1    181     70      -     99      7      0      0      -      -   3615   1531   9723      2      0 
 22:01:14       2    180     68      -     98      8      0      0      -      -   3615   1531   9723      2      0 
 22:01:14       3    177     65      -     98      8      0      0      -      -   3615   1531   9723      2      0 
#Time         gpu    pwr  gtemp  mtemp     sm    mem    enc    dec    jpg    ofa   mclk   pclk     fb   bar1   ccpm 
#HH:MM:SS     Idx      W      C      C      %      %      %      %      %      %    MHz    MHz     MB     MB     MB 
 22:01:44       0    150     71      -     99      7      0      0      -      -   3615   1531   9723      2      0 
 22:01:44       1    132     70      -     97     13      0      0      -      -   3615   1531   9723      2      0 
 22:01:44       2    128     68      -     94     13      0      0      -      -   3615   1531   9723      2      0 
 22:01:44       3    150     66      -     96     10      0      0      -      -   3615   1531   9723      2      0 
 22:02:14       0    182     71      -     99      9      0      0      -      -   3615   1531   9723      2      0 
 22:02:14       1    184     70      -     96     13      0      0      -      -   3615   1531   9723      2      0 
 22:02:14       2    187     68      -     94     13      0      0      -      -   3615   1531   9723      2      0 
 22:02:14       3    180     66      -     94     13      0      0      -      -   3615   1531   9723      2      0 
 22:02:44       0    118     71      -     97     13      0      0      -      -   3615   1531   9723      2      0 
 22:02:44       1    152     70      -     97     11      0      0      -      -   3615   1531   9723      2      0 
 22:02:44       2    151     69      -     96     10      0      0      -      -   3615   1531   9723      2      0 
 22:02:44       3    129     66      -     94     13      0      0      -      -   3615   1531   9723      2      0 
 22:03:14       0    183     71      -     96     14      0      0      -      -   3615   1531   9723      2      0 
 22:03:14       1    185     70      -     99      7      0      0      -      -   3615   1531   9723      2      0 
 22:03:14       2    184     68      -     99      7      0      0      -      -   3615   1531   9723      2      0 
 22:03:14       3    181     66      -     99      7      0      0      -      -   3615   1531   9723      2      0 
 22:03:44       0    165     71      -     96     13      0      0      -      -   3615   1531   9723      2      0 
 22:03:44       1    166     70      -     98     11      0      0      -      -   3615   1531   9723      2      0 
 22:03:44       2    164     68      -     96     11      0      0      -      -   3615   1531   9723      2      0 
 22:03:44       3    156     66      -     95     12      0      0      -      -   3615   1531   9723      2      0 
 22:04:14       0    183     71      -     98     10      0      0      -      -   3615   1531   9723      2      0 
 22:04:14       1    185     70      -     97     14      0      0      -      -   3615   1531   9723      2      0 
 22:04:14       2    184     69      -     94     14      0      0      -      -   3615   1531   9723      2      0 
 22:04:14       3    181     66      -     97      9      0      0      -      -   3615   1531   9723      2      0 
 22:04:44       0    131     72      -    100      6      0      0      -      -   3615   1531   9723      2      0 
 22:04:44       1    141     70      -     97     13      0      0      -      -   3615   1531   9723      2      0 
 22:04:44       2    170     69      -     94     13      0      0      -      -   3615   1531   9723      2      0 
 22:04:44       3    145     66      -     94     13      0      0      -      -   3615   1531   9723      2      0 
 22:05:14       0    146     71      -     96     11      0      0      -      -   3615   1531   9723      2      0 
 22:05:14       1    129     70      -     99      8      0      0      -      -   3615   1531   9723      2      0 
 22:05:14       2    145     68      -     99      7      0      0      -      -   3615   1531   9723      2      0 
 22:05:14       3    136     66      -     96      6      0      0      -      -   3615   1531   9723      2      0 
 22:05:44       0    137     71      -    100      6      0      0      -      -   3615   1531   9723      2      0 
 22:05:44       1    133     70      -     98     10      0      0      -      -   3615   1531   9723      2      0 
 22:05:44       2    150     69      -     95     11      0      0      -      -   3615   1531   9723      2      0 
 22:05:44       3    122     66      -     98      7      0      0      -      -   3615   1531   9723      2      0 
 22:06:14       0    129     71      -    100      4      0      0      -      -   3615   1531   9723      2      0 
 22:06:14       1    134     70      -     98     10      0      0      -      -   3615   1531   9723      2      0 
 22:06:14       2    143     68      -     94     12      0      0      -      -   3615   1531   9723      2      0 
 22:06:14       3    120     66      -     96     10      0      0      -      -   3615   1531   9723      2      0 
 22:06:44       0     66     71      -     99      4      0      0      -      -   3615   1531   9723      2      0 
 22:06:44       1     67     69      -     77      6      0      0      -      -   3615   1531   9723      2      0 
 22:06:44       2     71     68      -     68      5      0      0      -      -   3615   1531   9723      2      0 
 22:06:44       3     65     65      -     94      6      0      0      -      -   3615   1531   9723      2      0 
#Time         gpu    pwr  gtemp  mtemp     sm    mem    enc    dec    jpg    ofa   mclk   pclk     fb   bar1   ccpm 
#HH:MM:SS     Idx      W      C      C      %      %      %      %      %      %    MHz    MHz     MB     MB     MB 
 22:07:14       0    152     71      -     97     11      0      0      -      -   3615   1531   9723      2      0 
 22:07:14       1    134     70      -     98     11      0      0      -      -   3615   1531   9723      2      0 
 22:07:14       2    139     69      -     98      9      0      0      -      -   3615   1531   9723      2      0 
 22:07:14       3    142     66      -     95      8      0      0      -      -   3615   1531   9723      2      0 
 22:07:44       0    185     71      -     97     12      0      0      -      -   3615   1531   9723      2      0 
 22:07:44       1    188     70      -     96     13      0      0      -      -   3615   1531   9723      2      0 
 22:07:44       2    185     69      -     95     12      0      0      -      -   3615   1531   9723      2      0 
 22:07:44       3    178     66      -     98      8      0      0      -      -   3615   1531   9723      2      0 
 22:08:14       0    178     70      -     28      2      0      0      -      -   3615   1531   9723      2      0 
 22:08:14       1    184     69      -     50      9      0      0      -      -   3615   1531   9723      2      0 
 22:08:14       2    181     68      -     53      8      0      0      -      -   3615   1531   9723      2      0 
 22:08:14       3    176     65      -     47      6      0      0      -      -   3615   1531   9723      2      0 
 22:08:45       0    184     71      -     97     12      0      0      -      -   3615   1531   9723      2      0 
 22:08:45       1    186     70      -     95     13      0      0      -      -   3615   1531   9723      2      0 
 22:08:45       2    187     69      -     92     13      0      0      -      -   3615   1531   9723      2      0 
 22:08:45       3    181     66      -     93     13      0      0      -      -   3615   1531   9723      2      0 
 22:09:15       0    171     71      -     97     11      0      0      -      -   3615   1531   9723      2      0 
 22:09:15       1    177     69      -    100      5      0      0      -      -   3615   1531   9723      2      0 
 22:09:15       2    177     68      -     99      6      0      0      -      -   3615   1531   9723      2      0 
 22:09:15       3    175     65      -     99      6      0      0      -      -   3615   1531   9723      2      0 
 22:09:45       0    150     71      -     98      8      0      0      -      -   3615   1531   9723      2      0 
 22:09:45       1    132     70      -     99      8      0      0      -      -   3615   1531   9723      2      0 
 22:09:45       2    142     69      -     97     11      0      0      -      -   3615   1531   9723      2      0 
 22:09:45       3    136     66      -     99      4      0      0      -      -   3615   1531   9723      2      0 
 22:10:15       0     13     60      -      0      0      0      0      -      -    405    544      0      2      0 
 22:10:15       1     13     59      -      0      0      0      0      -      -    405    544      0      2      0 
 22:10:15       2     15     59      -      0      0      0      0      -      -    405    544      0      2      0 
 22:10:15       3     13     55      -      0      0      0      0      -      -    405    544      0      2      0 
 22:10:45       0    195     66      -     97     30      0      0      -      -   3615   1531  18987      2      0 
 22:10:45       1     12     51      -      0      0      0      0      -      -    405    544      0      2      0 
 22:10:45       2    200     64      -     96     29      0      0      -      -   3615   1531  18987      2      0 
 22:10:45       3     12     47      -      0      0      0      0      -      -    405    544      0      2      0 
 22:11:15       0    196     71      -     97     28      0      0      -      -   3615   1531  18987      2      0 
 22:11:15       1     11     46      -      0      0      0      0      -      -    405    544      0      2      0 
 22:11:15       2    188     68      -     96     27      0      0      -      -   3615   1531  18987      2      0 
 22:11:15       3     12     43      -      0      0      0      0      -      -    405    544      0      2      0 
 22:11:45       0    187     74      -     97     26      0      0      -      -   3615   1531  18987      2      0 
 22:11:45       1     11     42      -      0      0      0      0      -      -    405    544      0      2      0 
 22:11:45       2    211     71      -     96     26      0      0      -      -   3615   1531  18987      2      0 
 22:11:45       3     11     40      -      0      0      0      0      -      -    405    544      0      2      0 
 22:12:15       0    202     75      -     98     21      0      0      -      -   3615   1531  18987      2      0 
 22:12:15       1     10     40      -      0      0      0      0      -      -    405    544      0      2      0 
 22:12:15       2    202     72      -     96     25      0      0      -      -   3615   1531  18987      2      0 
 22:12:15       3     11     38      -      0      0      0      0      -      -    405    544      0      2      0 
#Time         gpu    pwr  gtemp  mtemp     sm    mem    enc    dec    jpg    ofa   mclk   pclk     fb   bar1   ccpm 
#HH:MM:SS     Idx      W      C      C      %      %      %      %      %      %    MHz    MHz     MB     MB     MB 
 22:12:45       0    176     74      -     98     21      0      0      -      -   3615   1531  18987      2      0 
 22:12:45       1     10     38      -      0      0      0      0      -      -    405    544      0      2      0 
 22:12:45       2    219     71      -     97     23      0      0      -      -   3615   1531  18987      2      0 
 22:12:45       3     11     37      -      0      0      0      0      -      -    405    544      0      2      0 
 22:13:15       0    208     74      -     98     22      0      0      -      -   3615   1531  18987      2      0 
 22:13:15       1     10     37      -      0      0      0      0      -      -    405    544      0      2      0 
 22:13:15       2    203     71      -     97     22      0      0      -      -   3615   1531  18987      2      0 
 22:13:15       3     11     36      -      0      0      0      0      -      -    405    544      0      2      0 
 22:13:45       0    173     73      -     98     21      0      0      -      -   3615   1531  18987      2      0 
 22:13:45       1     10     36      -      0      0      0      0      -      -    405    544      0      2      0 
 22:13:45       2    160     70      -     97     20      0      0      -      -   3615   1531  18987      2      0 
 22:13:45       3     11     36      -      0      0      0      0      -      -    405    544      0      2      0 
 22:14:15       0    189     73      -     98     20      0      0      -      -   3615   1531  18987      2      0 
 22:14:15       1     10     36      -      0      0      0      0      -      -    405    544      0      2      0 
 22:14:15       2    202     70      -     97     20      0      0      -      -   3615   1531  18987      2      0 
 22:14:15       3     11     35      -      0      0      0      0      -      -    405    544      0      2      0 
 22:14:45       0    171     72      -     98     19      0      0      -      -   3615   1531  18987      2      0 
 22:14:45       1     10     35      -      0      0      0      0      -      -    405    544      0      2      0 
 22:14:45       2    214     69      -     97     20      0      0      -      -   3615   1531  18987      2      0 
 22:14:45       3     11     35      -      0      0      0      0      -      -    405    544      0      2      0 
 22:15:15       0    208     72      -     98     20      0      0      -      -   3615   1531  18987      2      0 
 22:15:15       1     10     35      -      0      0      0      0      -      -    405    544      0      2      0 
 22:15:15       2    200     69      -     98     17      0      0      -      -   3615   1531  18987      2      0 
 22:15:15       3     11     35      -      0      0      0      0      -      -    405    544      0      2      0 
 22:15:45       0    196     71      -     99     17      0      0      -      -   3615   1531  18987      2      0 
 22:15:45       1     10     35      -      0      0      0      0      -      -    405    544      0      2      0 
 22:15:45       2    203     68      -     98     20      0      0      -      -   3615   1531  18987      2      0 
 22:15:45       3     11     35      -      0      0      0      0      -      -    405    544      0      2      0 
 22:16:15       0    175     71      -     85     10      0      0      -      -   3615   1531  18987      2      0 
 22:16:15       1     10     35      -      0      0      0      0      -      -    405    544      0      2      0 
 22:16:15       2    215     68      -     96     16      0      0      -      -   3615   1531  18987      2      0 
 22:16:15       3     11     35      -      0      0      0      0      -      -    405    544      0      2      0 
 22:16:45       0    184     71      -     99     15      0      0      -      -   3615   1531  18987      2      0 
 22:16:45       1     10     35      -      0      0      0      0      -      -    405    544      0      2      0 
 22:16:45       2    186     68      -     97     20      0      0      -      -   3615   1531  18987      2      0 
 22:16:45       3     10     34      -      0      0      0      0      -      -    405    544      0      2      0 
 22:17:15       0    194     71      -     98     20      0      0      -      -   3615   1531  18987      2      0 
 22:17:15       1     10     35      -      0      0      0      0      -      -    405    544      0      2      0 
 22:17:15       2    194     68      -     98     13      0      0      -      -   3615   1531  18987      2      0 
 22:17:15       3     11     34      -      0      0      0      0      -      -    405    544      0      2      0 
 22:17:45       0    216     71      -     99     14      0      0      -      -   3615   1531  18987      2      0 
 22:17:45       1     10     35      -      0      0      0      0      -      -    405    544      0      2      0 
 22:17:45       2    195     68      -     99     12      0      0      -      -   3615   1531  18987      2      0 
 22:17:45       3     11     34      -      0      0      0      0      -      -    405    544      0      2      0 
#Time         gpu    pwr  gtemp  mtemp     sm    mem    enc    dec    jpg    ofa   mclk   pclk     fb   bar1   ccpm 
#HH:MM:SS     Idx      W      C      C      %      %      %      %      %      %    MHz    MHz     MB     MB     MB 
 22:18:15       0    185     71      -     98     20      0      0      -      -   3615   1531  18987      2      0 
 22:18:15       1     10     34      -      0      0      0      0      -      -    405    544      0      2      0 
 22:18:15       2    189     68      -     97     20      0      0      -      -   3615   1531  18987      2      0 
 22:18:15       3     11     34      -      0      0      0      0      -      -    405    544      0      2      0 
 22:18:45       0    183     71      -     99     12      0      0      -      -   3615   1531  18987      2      0 
 22:18:45       1     10     34      -      0      0      0      0      -      -    405    544      0      2      0 
 22:18:45       2    188     68      -     99     10      0      0      -      -   3615   1531  18987      2      0 
 22:18:45       3     11     34      -      0      0      0      0      -      -    405    544      0      2      0 
 22:19:15       0    176     71      -     85     17      0      0      -      -   3615   1531  18987      2      0 
 22:19:15       1     10     35      -      0      0      0      0      -      -    405    544      0      2      0 
 22:19:15       2    209     67      -     78     19      0      0      -      -   3615   1531  18987      2      0 
 22:19:15       3     10     34      -      0      0      0      0      -      -    405    544      0      2      0 
 22:19:45       0    183     71      -     98     20      0      0      -      -   3615   1531  18987      2      0 
 22:19:45       1     10     34      -      0      0      0      0      -      -    405    544      0      2      0 
 22:19:45       2    188     68      -     97     20      0      0      -      -   3615   1531  18987      2      0 
 22:19:45       3     11     34      -      0      0      0      0      -      -    405    544      0      2      0 
 22:20:15       0    201     71      -    100      8      0      0      -      -   3615   1531  18987      2      0 
 22:20:15       1     10     34      -      0      0      0      0      -      -    405    544      0      2      0 
 22:20:15       2    198     68      -     99      8      0      0      -      -   3615   1531  18987      2      0 
 22:20:15       3     11     34      -      0      0      0      0      -      -    405    544      0      2      0 
 22:20:45       0    197     71      -    100      7      0      0      -      -   3615   1531  18987      2      0 
 22:20:45       1     10     35      -      0      0      0      0      -      -    405    544      0      2      0 
 22:20:45       2    183     68      -     99     14      0      0      -      -   3615   1531  18987      2      0 
 22:20:45       3     10     34      -      0      0      0      0      -      -    405    544      0      2      0 
 22:21:15       0    162     71      -     98     21      0      0      -      -   3615   1531  18987      2      0 
 22:21:15       1     10     34      -      0      0      0      0      -      -    405    544      0      2      0 
 22:21:15       2    158     68      -     99     12      0      0      -      -   3615   1531  18987      2      0 
 22:21:15       3     10     34      -      0      0      0      0      -      -    405    544      0      2      0 
 22:21:45       0    180     71      -     98     20      0      0      -      -   3615   1531  18987      2      0 
 22:21:45       1     10     34      -      0      0      0      0      -      -    405    544      0      2      0 
 22:21:45       2    188     68      -     99      9      0      0      -      -   3615   1531  18987      2      0 
 22:21:45       3     11     34      -      0      0      0      0      -      -    405    544      0      2      0 
 22:22:15       0    184     71      -     98     21      0      0      -      -   3615   1531  18987      2      0 
 22:22:15       1     10     34      -      0      0      0      0      -      -    405    544      0      2      0 
 22:22:15       2    188     68      -     98     17      0      0      -      -   3615   1531  18987      2      0 
 22:22:15       3     11     34      -      0      0      0      0      -      -    405    544      0      2      0 
 22:22:45       0    152     71      -     99     11      0      0      -      -   3615   1531  18987      2      0 
 22:22:45       1     10     34      -      0      0      0      0      -      -    405    544      0      2      0 
 22:22:45       2    167     68      -     97     20      0      0      -      -   3615   1531  18987      2      0 
 22:22:45       3     12     34      -      0      0      0      0      -      -    405    544      0      2      0 
 22:23:15       0    183     71      -     99     12      0      0      -      -   3615   1531  18987      2      0 
 22:23:15       1     10     34      -      0      0      0      0      -      -    405    544      0      2      0 
 22:23:15       2    185     67      -     98     21      0      0      -      -   3615   1531  18987      2      0 
 22:23:15       3     15     34      -      0      0      0      0      -      -    405    544      0      2      0 
#Time         gpu    pwr  gtemp  mtemp     sm    mem    enc    dec    jpg    ofa   mclk   pclk     fb   bar1   ccpm 
#HH:MM:SS     Idx      W      C      C      %      %      %      %      %      %    MHz    MHz     MB     MB     MB 
 22:23:45       0    183     71      -    100      7      0      0      -      -   3615   1531  18987      2      0 
 22:23:45       1     10     34      -      0      0      0      0      -      -    405    544      0      2      0 
 22:23:45       2    188     67      -     97     21      0      0      -      -   3615   1531  18987      2      0 
 22:23:45       3     10     34      -      0      0      0      0      -      -    405    544      0      2      0 
 22:24:15       0    205     71      -    100      5      0      0      -      -   3615   1531  18987      2      0 
 22:24:15       1     10     34      -      0      0      0      0      -      -    405    544      0      2      0 
 22:24:15       2    190     67      -     98     15      0      0      -      -   3615   1531  18987      2      0 
 22:24:15       3     11     34      -      0      0      0      0      -      -    405    544      0      2      0 
 22:24:45       0    185     70      -    100      9      0      0      -      -   3615   1531  18987      2      0 
 22:24:45       1     10     34      -      0      0      0      0      -      -    405    544      0      2      0 
 22:24:45       2    188     67      -    100      5      0      0      -      -   3615   1531  18987      2      0 
 22:24:45       3     10     34      -      0      0      0      0      -      -    405    544      0      2      0 
 22:25:15       0    183     70      -     88      7      0      0      -      -   3615   1531  18987      2      0 
 22:25:15       1     10     34      -      0      0      0      0      -      -    405    544      0      2      0 
 22:25:15       2    187     67      -     75     20      0      0      -      -   3615   1531  18987      2      0 
 22:25:15       3     10     34      -      0      0      0      0      -      -    405    544      0      2      0 
 22:25:45       0    184     70      -     98     21      0      0      -      -   3615   1531  18987      2      0 
 22:25:45       1     10     34      -      0      0      0      0      -      -    405    544      0      2      0 
 22:25:45       2    189     67      -     97     21      0      0      -      -   3615   1531  18987      2      0 
 22:25:45       3     11     33      -      0      0      0      0      -      -    405    544      0      2      0 
 22:26:15       0    155     70      -     99     12      0      0      -      -   3615   1531  18987      2      0 
 22:26:15       1     10     34      -      0      0      0      0      -      -    405    544      0      2      0 
 22:26:15       2    159     67      -     97     21      0      0      -      -   3615   1531  18987      2      0 
 22:26:15       3     11     33      -      0      0      0      0      -      -    405    544      0      2      0 
 22:26:45       0    199     70      -     99     18      0      0      -      -   3615   1531  18987      2      0 
 22:26:45       1     10     34      -      0      0      0      0      -      -    405    544      0      2      0 
 22:26:45       2    205     66      -    100      5      0      0      -      -   3615   1531  18987      2      0 
 22:26:45       3     10     33      -      0      0      0      0      -      -    405    544      0      2      0 
 22:27:15       0    182     70      -    100      7      0      0      -      -   3615   1531  18987      2      0 
 22:27:15       1     10     34      -      0      0      0      0      -      -    405    544      0      2      0 
 22:27:15       2    187     66      -     97     21      0      0      -      -   3615   1531  18987      2      0 
 22:27:15       3     10     33      -      0      0      0      0      -      -    405    544      0      2      0 
 22:27:45       0    184     70      -     98     20      0      0      -      -   3615   1531  18987      2      0 
 22:27:45       1     10     34      -      0      0      0      0      -      -    405    544      0      2      0 
 22:27:45       2    188     66      -     97     20      0      0      -      -   3615   1531  18987      2      0 
 22:27:45       3     10     33      -      0      0      0      0      -      -    405    544      0      2      0 
 22:28:15       0    168     70      -     99     10      0      0      -      -   3615   1531  18987      2      0 
 22:28:15       1     10     34      -      0      0      0      0      -      -    405    544      0      2      0 
 22:28:15       2    164     66      -     97     20      0      0      -      -   3615   1531  18987      2      0 
 22:28:15       3     11     33      -      0      0      0      0      -      -    405    544      0      2      0 
 22:28:45       0    184     69      -     99     15      0      0      -      -   3615   1531  18987      2      0 
 22:28:45       1     12     33      -      0      0      0      0      -      -    405    544      0      2      0 
 22:28:45       2    190     66      -     98     20      0      0      -      -   3615   1531  18987      2      0 
 22:28:45       3     11     33      -      0      0      0      0      -      -    405    544      0      2      0 
#Time         gpu    pwr  gtemp  mtemp     sm    mem    enc    dec    jpg    ofa   mclk   pclk     fb   bar1   ccpm 
#HH:MM:SS     Idx      W      C      C      %      %      %      %      %      %    MHz    MHz     MB     MB     MB 
 22:29:15       0    183     69      -     98     20      0      0      -      -   3615   1531  18987      2      0 
 22:29:15       1     10     33      -      0      0      0      0      -      -    405    544      0      2      0 
 22:29:15       2    184     66      -     98     20      0      0      -      -   3615   1531  18987      2      0 
 22:29:15       3     10     33      -      0      0      0      0      -      -    405    544      0      2      0 
 22:29:45       0    140     70      -    100      8      0      0      -      -   3615   1531  18987      2      0 
 22:29:45       1     10     33      -      0      0      0      0      -      -    405    544      0      2      0 
 22:29:45       2    169     66      -     98     15      0      0      -      -   3615   1531  18987      2      0 
 22:29:45       3     10     33      -      0      0      0      0      -      -    405    544      0      2      0 
 22:30:15       0    183     69      -    100      5      0      0      -      -   3615   1531  18987      2      0 
 22:30:15       1     10     33      -      0      0      0      0      -      -    405    544      0      2      0 
 22:30:15       2    187     66      -     97     21      0      0      -      -   3615   1531  18987      2      0 
 22:30:15       3     10     33      -      0      0      0      0      -      -    405    544      0      2      0 
 22:30:45       0    185     69      -     84      9      0      0      -      -   3615   1531  18987      2      0 
 22:30:45       1     10     34      -      0      0      0      0      -      -    405    544      0      2      0 
 22:30:45       2    188     66      -     92      6      0      0      -      -   3615   1531  18987      2      0 
 22:30:45       3     10     33      -      0      0      0      0      -      -    405    544      0      2      0 
 22:31:15       0    183     69      -    100      9      0      0      -      -   3615   1531  18987      2      0 
 22:31:15       1     10     34      -      0      0      0      0      -      -    405    544      0      2      0 
 22:31:15       2    209     66      -    100      6      0      0      -      -   3615   1531  18987      2      0 
 22:31:15       3     10     33      -      0      0      0      0      -      -    405    544      0      2      0 
 22:31:45       0    183     70      -     99     17      0      0      -      -   3615   1531  18987      2      0 
 22:31:45       1     10     34      -      0      0      0      0      -      -    405    544      0      2      0 
 22:31:45       2    187     66      -     97     21      0      0      -      -   3615   1531  18987      2      0 
 22:31:45       3     10     33      -      0      0      0      0      -      -    405    544      0      2      0 
 22:32:16       0    179     70      -    100      8      0      0      -      -   3615   1531  18987      2      0 
 22:32:16       1     10     34      -      0      0      0      0      -      -    405    544      0      2      0 
 22:32:16       2    180     66      -     99      6      0      0      -      -   3615   1531  18987      2      0 
 22:32:16       3     10     33      -      0      0      0      0      -      -    405    544      0      2      0 
 22:32:46       0    183     70      -     99     16      0      0      -      -   3615   1531  18987      2      0 
 22:32:46       1     10     34      -      0      0      0      0      -      -    405    544      0      2      0 
 22:32:46       2    187     66      -    100      5      0      0      -      -   3615   1531  18987      2      0 
 22:32:46       3     10     33      -      0      0      0      0      -      -    405    544      0      2      0 
 22:33:16       0    182     70      -     98     20      0      0      -      -   3615   1531  18987      2      0 
 22:33:16       1     10     34      -      0      0      0      0      -      -    405    544      0      2      0 
 22:33:16       2    187     67      -     98     16      0      0      -      -   3615   1531  18987      2      0 
 22:33:16       3     11     33      -      0      0      0      0      -      -    405    544      0      2      0 
 22:33:46       0    179     69      -     75     14      0      0      -      -   3615   1531  18987      2      0 
 22:33:46       1     10     34      -      0      0      0      0      -      -    405    544      0      2      0 
 22:33:46       2    221     66      -     81      7      0      0      -      -   3615   1531  18987      2      0 
 22:33:46       3     11     33      -      0      0      0      0      -      -    405    544      0      2      0 
 22:34:16       0    184     70      -    100      7      0      0      -      -   3615   1531  18987      2      0 
 22:34:16       1     10     34      -      0      0      0      0      -      -    405    544      0      2      0 
 22:34:16       2    189     67      -     97     21      0      0      -      -   3615   1531  18987      2      0 
 22:34:16       3     11     33      -      0      0      0      0      -      -    405    544      0      2      0 
#Time         gpu    pwr  gtemp  mtemp     sm    mem    enc    dec    jpg    ofa   mclk   pclk     fb   bar1   ccpm 
#HH:MM:SS     Idx      W      C      C      %      %      %      %      %      %    MHz    MHz     MB     MB     MB 
 22:34:46       0    183     70      -    100      4      0      0      -      -   3615   1531  18987      2      0 
 22:34:46       1     10     34      -      0      0      0      0      -      -    405    544      0      2      0 
 22:34:46       2    187     67      -     98     20      0      0      -      -   3615   1531  18987      2      0 
 22:34:46       3     11     34      -      0      0      0      0      -      -    405    544      0      2      0 
 22:35:16       0    158     70      -    100      5      0      0      -      -   3615   1531  18987      2      0 
 22:35:16       1     10     34      -      0      0      0      0      -      -    405    544      0      2      0 
 22:35:16       2    147     67      -    100      4      0      0      -      -   3615   1531  18987      2      0 
 22:35:16       3     10     33      -      0      0      0      0      -      -    405    544      0      2      0 
 22:35:46       0    184     70      -     98     21      0      0      -      -   3615   1531  18987      2      0 
 22:35:46       1     10     34      -      0      0      0      0      -      -    405    544      0      2      0 
 22:35:46       2    189     67      -    100      5      0      0      -      -   3615   1531  18987      2      0 
 22:35:46       3     10     34      -      0      0      0      0      -      -    405    544      0      2      0 
 22:36:16       0    184     70      -     98     22      0      0      -      -   3615   1531  18987      2      0 
 22:36:16       1     10     34      -      0      0      0      0      -      -    405    544      0      2      0 
 22:36:16       2    189     67      -     98     13      0      0      -      -   3615   1531  18987      2      0 
 22:36:16       3     11     33      -      0      0      0      0      -      -    405    544      0      2      0 
 22:36:46       0    183     70      -     99     13      0      0      -      -   3615   1531  18987      2      0 
 22:36:46       1     10     34      -      0      0      0      0      -      -    405    544      0      2      0 
 22:36:46       2    187     67      -     97     21      0      0      -      -   3615   1531  18987      2      0 
 22:36:46       3     11     33      -      0      0      0      0      -      -    405    544      0      2      0 
 22:37:16       0    179     70      -     99     16      0      0      -      -   3615   1531  18987      2      0 
 22:37:16       1     10     34      -      0      0      0      0      -      -    405    544      0      2      0 
 22:37:16       2    219     67      -     99      9      0      0      -      -   3615   1531  18987      2      0 
 22:37:16       3     10     33      -      0      0      0      0      -      -    405    544      0      2      0 
 22:37:46       0    183     70      -     99     11      0      0      -      -   3615   1531  18987      2      0 
 22:37:46       1     10     34      -      0      0      0      0      -      -    405    544      0      2      0 
 22:37:46       2    188     67      -     98     20      0      0      -      -   3615   1531  18987      2      0 
 22:37:46       3     11     34      -      0      0      0      0      -      -    405    544      0      2      0 
 22:38:16       0    181     70      -    100      4      0      0      -      -   3615   1531  18987      2      0 
 22:38:16       1     10     34      -      0      0      0      0      -      -    405    544      0      2      0 
 22:38:16       2    217     67      -    100      5      0      0      -      -   3615   1531  18987      2      0 
 22:38:16       3     10     34      -      0      0      0      0      -      -    405    544      0      2      0 
 22:38:46       0    183     70      -     99     13      0      0      -      -   3615   1531  18987      2      0 
 22:38:46       1     10     34      -      0      0      0      0      -      -    405    544      0      2      0 
 22:38:46       2    184     67      -     98     21      0      0      -      -   3615   1531  18987      2      0 
 22:38:46       3     10     34      -      0      0      0      0      -      -    405    544      0      2      0 
 22:39:16       0    184     70      -     98     20      0      0      -      -   3615   1531  18987      2      0 
 22:39:16       1     10     34      -      0      0      0      0      -      -    405    544      0      2      0 
 22:39:16       2    188     67      -     97     21      0      0      -      -   3615   1531  18987      2      0 
 22:39:16       3     10     34      -      0      0      0      0      -      -    405    544      0      2      0 
 22:39:46       0    184     70      -     99     15      0      0      -      -   3615   1531  18987      2      0 
 22:39:46       1     10     34      -      0      0      0      0      -      -    405    544      0      2      0 
 22:39:46       2    189     67      -    100      5      0      0      -      -   3615   1531  18987      2      0 
 22:39:46       3     10     33      -      0      0      0      0      -      -    405    544      0      2      0 
#Time         gpu    pwr  gtemp  mtemp     sm    mem    enc    dec    jpg    ofa   mclk   pclk     fb   bar1   ccpm 
#HH:MM:SS     Idx      W      C      C      %      %      %      %      %      %    MHz    MHz     MB     MB     MB 
 22:40:16       0    183     70      -     98     21      0      0      -      -   3615   1531  18987      2      0 
 22:40:16       1     10     34      -      0      0      0      0      -      -    405    544      0      2      0 
 22:40:16       2    187     67      -     97     14      0      0      -      -   3615   1531  18987      2      0 
 22:40:16       3     10     34      -      0      0      0      0      -      -    405    544      0      2      0 
 22:40:46       0    183     70      -     98     21      0      0      -      -   3615   1531  18987      2      0 
 22:40:46       1     10     34      -      0      0      0      0      -      -    405    544      0      2      0 
 22:40:46       2    188     67      -     97     21      0      0      -      -   3615   1531  18987      2      0 
 22:40:46       3     11     33      -      0      0      0      0      -      -    405    544      0      2      0 
 22:41:16       0    167     70      -    100      6      0      0      -      -   3615   1531  18987      2      0 
 22:41:16       1     10     34      -      0      0      0      0      -      -    405    544      0      2      0 
 22:41:16       2    157     67      -     99      9      0      0      -      -   3615   1531  18987      2      0 
 22:41:16       3     10     33      -      0      0      0      0      -      -    405    544      0      2      0 
 22:41:46       0    183     70      -     99     12      0      0      -      -   3615   1531  18987      2      0 
 22:41:46       1     10     34      -      0      0      0      0      -      -    405    544      0      2      0 
 22:41:46       2    187     67      -     98     18      0      0      -      -   3615   1531  18987      2      0 
 22:41:46       3     11     33      -      0      0      0      0      -      -    405    544      0      2      0 
 22:42:16       0    176     70      -    100      5      0      0      -      -   3615   1531  18987      2      0 
 22:42:16       1     10     34      -      0      0      0      0      -      -    405    544      0      2      0 
 22:42:16       2    216     67      -     99      8      0      0      -      -   3615   1531  18987      2      0 
 22:42:16       3     11     33      -      0      0      0      0      -      -    405    544      0      2      0 
 22:42:46       0    171     70      -    100      5      0      0      -      -   3615   1531  18987      2      0 
 22:42:46       1     10     34      -      0      0      0      0      -      -    405    544      0      2      0 
 22:42:46       2    184     66      -    100      4      0      0      -      -   3615   1531  18987      2      0 
 22:42:46       3     10     33      -      0      0      0      0      -      -    405    544      0      2      0 
 22:43:16       0    183     70      -     98     18      0      0      -      -   3615   1531  18987      2      0 
 22:43:16       1     10     34      -      0      0      0      0      -      -    405    544      0      2      0 
 22:43:16       2    187     66      -     99     10      0      0      -      -   3615   1531  18987      2      0 
 22:43:16       3     10     33      -      0      0      0      0      -      -    405    544      0      2      0 
 22:43:46       0    195     70      -     99     10      0      0      -      -   3615   1531  18987      2      0 
 22:43:46       1     10     34      -      0      0      0      0      -      -    405    544      0      2      0 
 22:43:46       2    211     67      -    100      5      0      0      -      -   3615   1531  18987      2      0 
 22:43:46       3     10     33      -      0      0      0      0      -      -    405    544      0      2      0 
 22:44:16       0    185     70      -     98     17      0      0      -      -   3615   1531  18987      2      0 
 22:44:16       1     10     34      -      0      0      0      0      -      -    405    544      0      2      0 
 22:44:16       2    190     67      -     98     18      0      0      -      -   3615   1531  18987      2      0 
 22:44:16       3     11     33      -      0      0      0      0      -      -    405    544      0      2      0 
 22:44:46       0    183     70      -     98     22      0      0      -      -   3615   1531  18987      2      0 
 22:44:46       1     10     34      -      0      0      0      0      -      -    405    544      0      2      0 
 22:44:46       2    188     67      -     97     20      0      0      -      -   3615   1531  18987      2      0 
 22:44:46       3     10     33      -      0      0      0      0      -      -    405    544      0      2      0 
 22:45:16       0    183     70      -    100      4      0      0      -      -   3615   1531  18987      2      0 
 22:45:16       1     10     34      -      0      0      0      0      -      -    405    544      0      2      0 
 22:45:16       2    190     67      -     98     16      0      0      -      -   3615   1531  18987      2      0 
 22:45:16       3     10     34      -      0      0      0      0      -      -    405    544      0      2      0 
#Time         gpu    pwr  gtemp  mtemp     sm    mem    enc    dec    jpg    ofa   mclk   pclk     fb   bar1   ccpm 
#HH:MM:SS     Idx      W      C      C      %      %      %      %      %      %    MHz    MHz     MB     MB     MB 
 22:45:46       0    184     70      -     98     22      0      0      -      -   3615   1531  18987      2      0 
 22:45:46       1     10     34      -      0      0      0      0      -      -    405    544      0      2      0 
 22:45:46       2    189     67      -     99     10      0      0      -      -   3615   1531  18987      2      0 
 22:45:46       3     10     33      -      0      0      0      0      -      -    405    544      0      2      0 
 22:46:16       0    134     70      -    100      5      0      0      -      -   3615   1531  18987      2      0 
 22:46:16       1     10     34      -      0      0      0      0      -      -    405    544      0      2      0 
 22:46:16       2    133     67      -    100      5      0      0      -      -   3615   1531  18987      2      0 
 22:46:16       3     11     33      -      0      0      0      0      -      -    405    544      0      2      0 
 22:46:46       0    179     70      -    100      4      0      0      -      -   3615   1531  18987      2      0 
 22:46:46       1     10     34      -      0      0      0      0      -      -    405    544      0      2      0 
 22:46:46       2    172     67      -    100      5      0      0      -      -   3615   1531  18987      2      0 
 22:46:46       3     11     33      -      0      0      0      0      -      -    405    544      0      2      0 
 22:47:16       0    184     70      -     99     19      0      0      -      -   3615   1531  18987      2      0 
 22:47:16       1     10     34      -      0      0      0      0      -      -    405    544      0      2      0 
 22:47:16       2    189     67      -     97     22      0      0      -      -   3615   1531  18987      2      0 
 22:47:16       3     11     33      -      0      0      0      0      -      -    405    544      0      2      0 
 22:47:46       0    183     70      -     98     21      0      0      -      -   3615   1531  18987      2      0 
 22:47:46       1     10     34      -      0      0      0      0      -      -    405    544      0      2      0 
 22:47:46       2    189     67      -     99     14      0      0      -      -   3615   1531  18987      2      0 
 22:47:46       3     11     33      -      0      0      0      0      -      -    405    544      0      2      0 
 22:48:16       0    183     70      -    100      5      0      0      -      -   3615   1531  18987      2      0 
 22:48:16       1     10     34      -      0      0      0      0      -      -    405    544      0      2      0 
 22:48:16       2    187     67      -     97     19      0      0      -      -   3615   1531  18987      2      0 
 22:48:16       3     11     33      -      0      0      0      0      -      -    405    544      0      2      0 
 22:48:46       0    183     70      -     98     18      0      0      -      -   3615   1531  18987      2      0 
 22:48:46       1     10     34      -      0      0      0      0      -      -    405    544      0      2      0 
 22:48:46       2    188     66      -     97     21      0      0      -      -   3615   1531  18987      2      0 
 22:48:46       3     11     33      -      0      0      0      0      -      -    405    544      0      2      0 
 22:49:16       0    182     70      -     99     13      0      0      -      -   3615   1531  18987      2      0 
 22:49:16       1     10     34      -      0      0      0      0      -      -    405    544      0      2      0 
 22:49:16       2    186     66      -     99     10      0      0      -      -   3615   1531  18987      2      0 
 22:49:16       3     15     33      -      0      0      0      0      -      -    405    544      0      2      0 
 22:49:46       0    184     70      -    100      4      0      0      -      -   3615   1531  18987      2      0 
 22:49:46       1      9     34      -      0      0      0      0      -      -    405    544      0      2      0 
 22:49:46       2    176     66      -    100      6      0      0      -      -   3615   1531  18987      2      0 
 22:49:46       3     11     33      -      0      0      0      0      -      -    405    544      0      2      0 
 22:50:16       0    183     70      -    100      6      0      0      -      -   3615   1531  18987      2      0 
 22:50:16       1     10     34      -      0      0      0      0      -      -    405    544      0      2      0 
 22:50:16       2    188     66      -    100      6      0      0      -      -   3615   1531  18987      2      0 
 22:50:16       3     10     33      -      0      0      0      0      -      -    405    544      0      2      0 
 22:50:46       0    184     70      -     99     13      0      0      -      -   3615   1531  18987      2      0 
 22:50:46       1     10     34      -      0      0      0      0      -      -    405    544      0      2      0 
 22:50:46       2    189     66      -     97     21      0      0      -      -   3615   1531  18987      2      0 
 22:50:46       3     10     33      -      0      0      0      0      -      -    405    544      0      2      0 
#Time         gpu    pwr  gtemp  mtemp     sm    mem    enc    dec    jpg    ofa   mclk   pclk     fb   bar1   ccpm 
#HH:MM:SS     Idx      W      C      C      %      %      %      %      %      %    MHz    MHz     MB     MB     MB 
 22:51:16       0    183     70      -    100     10      0      0      -      -   3615   1531  18987      2      0 
 22:51:16       1     10     34      -      0      0      0      0      -      -    405    544      0      2      0 
 22:51:16       2    186     66      -    100      7      0      0      -      -   3615   1531  18987      2      0 
 22:51:16       3     10     33      -      0      0      0      0      -      -    405    544      0      2      0 
 22:51:46       0    183     70      -    100      7      0      0      -      -   3615   1531  18987      2      0 
 22:51:46       1     10     34      -      0      0      0      0      -      -    405    544      0      2      0 
 22:51:46       2    188     66      -    100      3      0      0      -      -   3615   1531  18987      2      0 
 22:51:46       3     11     33      -      0      0      0      0      -      -    405    544      0      2      0 
 22:52:16       0    184     68      -     92     53      0      0      -      -   3615   1531  18987      2      0 
 22:52:16       1     10     34      -      0      0      0      0      -      -    405    544      0      2      0 
 22:52:16       2    177     64      -     94     54      0      0      -      -   3615   1531  18987      2      0 
 22:52:16       3     10     33      -      0      0      0      0      -      -    405    544      0      2      0 
 22:52:46       0    183     62      -     96     30      0      0      -      -   3615   1531  17819      2      0 
 22:52:46       1     10     33      -      0      0      0      0      -      -    405    544      0      2      0 
 22:52:46       2    199     59      -     97     30      0      0      -      -   3615   1531  17819      2      0 
 22:52:46       3     10     33      -      0      0      0      0      -      -    405    544      0      2      0 
 22:53:16       0    190     67      -     96     26      0      0      -      -   3615   1531  17819      2      0 
 22:53:16       1     10     34      -      0      0      0      0      -      -    405    544      0      2      0 
 22:53:16       2    181     63      -     97     28      0      0      -      -   3615   1531  17819      2      0 
 22:53:16       3     11     33      -      0      0      0      0      -      -    405    544      0      2      0 
 22:53:46       0    190     69      -     96     27      0      0      -      -   3615   1531  17819      2      0 
 22:53:46       1     10     34      -      0      0      0      0      -      -    405    544      0      2      0 
 22:53:46       2    174     66      -     98     23      0      0      -      -   3615   1531  17819      2      0 
 22:53:46       3     10     33      -      0      0      0      0      -      -    405    544      0      2      0 
 22:54:16       0    182     70      -     97     23      0      0      -      -   3615   1531  17819      2      0 
 22:54:16       1     10     34      -      0      0      0      0      -      -    405    544      0      2      0 
 22:54:16       2    184     67      -     98     24      0      0      -      -   3615   1531  17819      2      0 
 22:54:16       3     10     33      -      0      0      0      0      -      -    405    544      0      2      0 
 22:54:46       0    182     71      -     89     21      0      0      -      -   3615   1531  17819      2      0 
 22:54:46       1     12     34      -      0      0      0      0      -      -    405    544      0      2      0 
 22:54:46       2    185     68      -     88     20      0      0      -      -   3615   1531  17819      2      0 
 22:54:46       3     10     33      -      0      0      0      0      -      -    405    544      0      2      0 
 22:55:16       0    181     71      -     97     20      0      0      -      -   3615   1531  17819      2      0 
 22:55:16       1     10     34      -      0      0      0      0      -      -    405    544      0      2      0 
 22:55:16       2    177     68      -     98     22      0      0      -      -   3615   1531  17819      2      0 
 22:55:16       3     10     33      -      0      0      0      0      -      -    405    544      0      2      0 
 22:55:47       0    207     72      -     97     21      0      0      -      -   3615   1531  17819      2      0 
 22:55:47       1     10     34      -      0      0      0      0      -      -    405    544      0      2      0 
 22:55:47       2    193     68      -     98     21      0      0      -      -   3615   1531  17819      2      0 
 22:55:47       3     11     33      -      0      0      0      0      -      -    405    544      0      2      0 
 22:56:17       0    176     72      -     97     20      0      0      -      -   3615   1531  17819      2      0 
 22:56:17       1     10     34      -      0      0      0      0      -      -    405    544      0      2      0 
 22:56:17       2    214     68      -     98     20      0      0      -      -   3615   1531  17819      2      0 
 22:56:17       3     10     33      -      0      0      0      0      -      -    405    544      0      2      0 
#Time         gpu    pwr  gtemp  mtemp     sm    mem    enc    dec    jpg    ofa   mclk   pclk     fb   bar1   ccpm 
#HH:MM:SS     Idx      W      C      C      %      %      %      %      %      %    MHz    MHz     MB     MB     MB 
 22:56:47       0    180     71      -     98     18      0      0      -      -   3615   1531  17819      2      0 
 22:56:47       1     10     34      -      0      0      0      0      -      -    405    544      0      2      0 
 22:56:47       2    174     68      -     98     20      0      0      -      -   3615   1531  17819      2      0 
 22:56:47       3     10     33      -      0      0      0      0      -      -    405    544      0      2      0 
 22:57:17       0    174     71      -     98     17      0      0      -      -   3615   1531  17819      2      0 
 22:57:17       1     10     34      -      0      0      0      0      -      -    405    544      0      2      0 
 22:57:17       2    217     68      -     98     20      0      0      -      -   3615   1531  17819      2      0 
 22:57:17       3     11     33      -      0      0      0      0      -      -    405    544      0      2      0 
 22:57:47       0    180     71      -     97     20      0      0      -      -   3615   1531  17819      2      0 
 22:57:47       1     10     34      -      0      0      0      0      -      -    405    544      0      2      0 
 22:57:47       2    188     68      -     98     16      0      0      -      -   3615   1531  17819      2      0 
 22:57:47       3     10     33      -      0      0      0      0      -      -    405    544      0      2      0 
 22:58:17       0    185     71      -     97     20      0      0      -      -   3615   1531  17819      2      0 
 22:58:17       1     10     34      -      0      0      0      0      -      -    405    544      0      2      0 
 22:58:17       2    180     68      -     98     16      0      0      -      -   3615   1531  17819      2      0 
 22:58:17       3     10     33      -      0      0      0      0      -      -    405    544      0      2      0 
 22:58:47       0    202     71      -     98     15      0      0      -      -   3615   1531  17819      2      0 
 22:58:47       1     10     34      -      0      0      0      0      -      -    405    544      0      2      0 
 22:58:47       2    203     68      -     99     16      0      0      -      -   3615   1531  17819      2      0 
 22:58:47       3     10     33      -      0      0      0      0      -      -    405    544      0      2      0 
 22:59:17       0    184     71      -     98     17      0      0      -      -   3615   1531  17819      2      0 
 22:59:17       1     10     33      -      0      0      0      0      -      -    405    544      0      2      0 
 22:59:17       2    188     68      -     98     20      0      0      -      -   3615   1531  17819      2      0 
 22:59:17       3     11     33      -      0      0      0      0      -      -    405    544      0      2      0 
 22:59:47       0    191     71      -     98     18      0      0      -      -   3615   1531  17819      2      0 
 22:59:47       1     10     33      -      0      0      0      0      -      -    405    544      0      2      0 
 22:59:47       2    178     68      -     98     20      0      0      -      -   3615   1531  17819      2      0 
 22:59:47       3     11     33      -      0      0      0      0      -      -    405    544      0      2      0 
 23:00:17       0    184     71      -     97     20      0      0      -      -   3615   1531  17819      2      0 
 23:00:17       1     10     33      -      0      0      0      0      -      -    405    544      0      2      0 
 23:00:17       2    189     68      -     99     11      0      0      -      -   3615   1531  17819      2      0 
 23:00:17       3     10     33      -      0      0      0      0      -      -    405    544      0      2      0 
 23:00:47       0    183     71      -     99     11      0      0      -      -   3615   1531  17819      2      0 
 23:00:47       1     10     33      -      0      0      0      0      -      -    405    544      0      2      0 
 23:00:47       2    187     67      -     98     20      0      0      -      -   3615   1531  17819      2      0 
 23:00:47       3     10     32      -      0      0      0      0      -      -    405    544      0      2      0 
 23:01:17       0    190     71      -     97     20      0      0      -      -   3615   1531  17819      2      0 
 23:01:17       1     10     33      -      0      0      0      0      -      -    405    544      0      2      0 
 23:01:17       2    204     67      -     99      9      0      0      -      -   3615   1531  17819      2      0 
 23:01:17       3     10     32      -      0      0      0      0      -      -    405    544      0      2      0 
 23:01:47       0    184     70      -     97     20      0      0      -      -   3615   1531  17819      2      0 
 23:01:47       1     10     33      -      0      0      0      0      -      -    405    544      0      2      0 
 23:01:47       2    188     67      -     98     16      0      0      -      -   3615   1531  17819      2      0 
 23:01:47       3     10     32      -      0      0      0      0      -      -    405    544      0      2      0 
#Time         gpu    pwr  gtemp  mtemp     sm    mem    enc    dec    jpg    ofa   mclk   pclk     fb   bar1   ccpm 
#HH:MM:SS     Idx      W      C      C      %      %      %      %      %      %    MHz    MHz     MB     MB     MB 
 23:02:17       0    184     70      -     98     14      0      0      -      -   3615   1531  17819      2      0 
 23:02:17       1     10     32      -      0      0      0      0      -      -    405    544      0      2      0 
 23:02:17       2    188     66      -     98     20      0      0      -      -   3615   1531  17819      2      0 
 23:02:17       3     10     32      -      0      0      0      0      -      -    405    544      0      2      0 
 23:02:47       0    183     70      -    100      6      0      0      -      -   3615   1531  17819      2      0 
 23:02:47       1     10     32      -      0      0      0      0      -      -    405    544      0      2      0 
 23:02:47       2    187     66      -     98     20      0      0      -      -   3615   1531  17819      2      0 
 23:02:47       3     10     32      -      0      0      0      0      -      -    405    544      0      2      0 
 23:03:17       0    193     70      -    100      6      0      0      -      -   3615   1531  17819      2      0 
 23:03:17       1     10     32      -      0      0      0      0      -      -    405    544      0      2      0 
 23:03:17       2    184     66      -     99     13      0      0      -      -   3615   1531  17819      2      0 
 23:03:17       3     10     32      -      0      0      0      0      -      -    405    544      0      2      0 
 23:03:47       0    184     70      -     98     16      0      0      -      -   3615   1531  17819      2      0 
 23:03:47       1     10     32      -      0      0      0      0      -      -    405    544      0      2      0 
 23:03:47       2    187     66      -     99      9      0      0      -      -   3615   1531  17819      2      0 
 23:03:47       3     11     31      -      0      0      0      0      -      -    405    544      0      2      0 
 23:04:17       0    184     70      -    100      5      0      0      -      -   3615   1531  17819      2      0 
 23:04:17       1     10     32      -      0      0      0      0      -      -    405    544      0      2      0 
 23:04:17       2    187     66      -     98     20      0      0      -      -   3615   1531  17819      2      0 
 23:04:17       3     10     31      -      0      0      0      0      -      -    405    544      0      2      0 
 23:04:47       0    187     69      -    100      8      0      0      -      -   3615   1531  17819      2      0 
 23:04:47       1     10     32      -      0      0      0      0      -      -    405    544      0      2      0 
 23:04:47       2    203     66      -     99     17      0      0      -      -   3615   1531  17819      2      0 
 23:04:47       3     10     32      -      0      0      0      0      -      -    405    544      0      2      0 
 23:05:17       0    183     69      -     78      9      0      0      -      -   3615   1531  17819      2      0 
 23:05:17       1     10     32      -      0      0      0      0      -      -    405    544      0      2      0 
 23:05:17       2    193     65      -     95      7      0      0      -      -   3615   1531  17819      2      0 
 23:05:17       3     10     32      -      0      0      0      0      -      -    405    544      0      2      0 
 23:05:47       0    184     70      -     97     20      0      0      -      -   3615   1531  17819      2      0 
 23:05:47       1     10     32      -      0      0      0      0      -      -    405    544      0      2      0 
 23:05:47       2    187     66      -     99     10      0      0      -      -   3615   1531  17819      2      0 
 23:05:47       3     10     32      -      0      0      0      0      -      -    405    544      0      2      0 
 23:06:17       0    183     70      -     78     16      0      0      -      -   3615   1531  17819      2      0 
 23:06:17       1     10     33      -      0      0      0      0      -      -    405    544      0      2      0 
 23:06:17       2    186     66      -     83      7      0      0      -      -   3615   1531  17819      2      0 
 23:06:17       3     10     32      -      0      0      0      0      -      -    405    544      0      2      0 
 23:06:47       0    189     71      -    100      5      0      0      -      -   3615   1531  17819      2      0 
 23:06:47       1     10     33      -      0      0      0      0      -      -    405    544      0      2      0 
 23:06:47       2    219     67      -     99     11      0      0      -      -   3615   1531  17819      2      0 
 23:06:47       3     10     32      -      0      0      0      0      -      -    405    544      0      2      0 
 23:07:17       0    184     71      -     97     20      0      0      -      -   3615   1531  17819      2      0 
 23:07:17       1     10     33      -      0      0      0      0      -      -    405    544      0      2      0 
 23:07:17       2    188     67      -     99     10      0      0      -      -   3615   1531  17819      2      0 
 23:07:17       3     11     32      -      0      0      0      0      -      -    405    544      0      2      0 
#Time         gpu    pwr  gtemp  mtemp     sm    mem    enc    dec    jpg    ofa   mclk   pclk     fb   bar1   ccpm 
#HH:MM:SS     Idx      W      C      C      %      %      %      %      %      %    MHz    MHz     MB     MB     MB 
 23:07:47       0    185     71      -     98     17      0      0      -      -   3615   1531  17819      2      0 
 23:07:47       1     10     33      -      0      0      0      0      -      -    405    544      0      2      0 
 23:07:47       2    190     67      -    100      5      0      0      -      -   3615   1531  17819      2      0 
 23:07:47       3     11     33      -      0      0      0      0      -      -    405    544      0      2      0 
 23:08:17       0    167     71      -     98     14      0      0      -      -   3615   1531  17819      2      0 
 23:08:17       1     10     33      -      0      0      0      0      -      -    405    544      0      2      0 
 23:08:17       2    156     67      -    100      4      0      0      -      -   3615   1531  17819      2      0 
 23:08:17       3     10     33      -      0      0      0      0      -      -    405    544      0      2      0 
 23:08:47       0    185     71      -     98     20      0      0      -      -   3615   1531  17819      2      0 
 23:08:47       1     10     34      -      0      0      0      0      -      -    405    544      0      2      0 
 23:08:47       2    190     67      -     98     21      0      0      -      -   3615   1531  17819      2      0 
 23:08:47       3     10     33      -      0      0      0      0      -      -    405    544      0      2      0 
 23:09:17       0    186     72      -    100      5      0      0      -      -   3615   1531  17819      2      0 
 23:09:17       1     10     34      -      0      0      0      0      -      -    405    544      0      2      0 
 23:09:17       2    189     67      -     99     14      0      0      -      -   3615   1531  17819      2      0 
 23:09:17       3     11     33      -      0      0      0      0      -      -    405    544      0      2      0 
 23:09:47       0    185     72      -     98     16      0      0      -      -   3615   1531  17819      2      0 
 23:09:47       1     10     34      -      0      0      0      0      -      -    405    544      0      2      0 
 23:09:47       2    189     67      -     98     20      0      0      -      -   3615   1531  17819      2      0 
 23:09:47       3     11     33      -      0      0      0      0      -      -    405    544      0      2      0 
 23:10:17       0    184     72      -     97     21      0      0      -      -   3615   1531  17819      2      0 
 23:10:17       1     10     34      -      0      0      0      0      -      -    405    544      0      2      0 
 23:10:17       2    188     67      -     99     13      0      0      -      -   3615   1531  17819      2      0 
 23:10:17       3     11     33      -      0      0      0      0      -      -    405    544      0      2      0 
 23:10:47       0    183     72      -     97     21      0      0      -      -   3615   1531  17819      2      0 
 23:10:47       1     10     34      -      0      0      0      0      -      -    405    544      0      2      0 
 23:10:47       2    188     67      -     99     12      0      0      -      -   3615   1531  17819      2      0 
 23:10:47       3     11     33      -      0      0      0      0      -      -    405    544      0      2      0 
 23:11:17       0    184     71      -     99      9      0      0      -      -   3615   1531  17819      2      0 
 23:11:17       1     10     34      -      0      0      0      0      -      -    405    544      0      2      0 
 23:11:17       2    188     67      -     98     20      0      0      -      -   3615   1531  17819      2      0 
 23:11:17       3     11     33      -      0      0      0      0      -      -    405    544      0      2      0 
 23:11:47       0    150     71      -     99      8      0      0      -      -   3615   1531  17819      2      0 
 23:11:47       1     10     34      -      0      0      0      0      -      -    405    544      0      2      0 
 23:11:47       2    175     67      -    100      5      0      0      -      -   3615   1531  17819      2      0 
 23:11:47       3     11     33      -      0      0      0      0      -      -    405    544      0      2      0 
 23:12:17       0    183     71      -    100      5      0      0      -      -   3615   1531  17819      2      0 
 23:12:17       1     10     34      -      0      0      0      0      -      -    405    544      0      2      0 
 23:12:17       2    187     67      -     99     15      0      0      -      -   3615   1531  17819      2      0 
 23:12:17       3     11     33      -      0      0      0      0      -      -    405    544      0      2      0 
 23:12:47       0    185     71      -    100      9      0      0      -      -   3615   1531  17819      2      0 
 23:12:47       1     10     34      -      0      0      0      0      -      -    405    544      0      2      0 
 23:12:47       2    190     68      -     99     15      0      0      -      -   3615   1531  17819      2      0 
 23:12:47       3     10     33      -      0      0      0      0      -      -    405    544      0      2      0 
#Time         gpu    pwr  gtemp  mtemp     sm    mem    enc    dec    jpg    ofa   mclk   pclk     fb   bar1   ccpm 
#HH:MM:SS     Idx      W      C      C      %      %      %      %      %      %    MHz    MHz     MB     MB     MB 
 23:13:17       0    184     71      -     99     12      0      0      -      -   3615   1531  17819      2      0 
 23:13:17       1     10     34      -      0      0      0      0      -      -    405    544      0      2      0 
 23:13:17       2    189     67      -     99     19      0      0      -      -   3615   1531  17819      2      0 
 23:13:17       3     10     33      -      0      0      0      0      -      -    405    544      0      2      0 
 23:13:47       0    200     71      -     99      7      0      0      -      -   3615   1531  17819      2      0 
 23:13:47       1     10     34      -      0      0      0      0      -      -    405    544      0      2      0 
 23:13:47       2    200     67      -    100      4      0      0      -      -   3615   1531  17819      2      0 
 23:13:47       3     10     33      -      0      0      0      0      -      -    405    544      0      2      0 
 23:14:17       0    185     71      -     97     20      0      0      -      -   3615   1531  17819      2      0 
 23:14:17       1     10     34      -      0      0      0      0      -      -    405    544      0      2      0 
 23:14:17       2    188     67      -    100      9      0      0      -      -   3615   1531  17819      2      0 
 23:14:17       3     10     33      -      0      0      0      0      -      -    405    544      0      2      0 
 23:14:47       0    192     71      -    100      5      0      0      -      -   3615   1531  17819      2      0 
 23:14:47       1     10     34      -      0      0      0      0      -      -    405    544      0      2      0 
 23:14:47       2    188     67      -     98     18      0      0      -      -   3615   1531  17819      2      0 
 23:14:47       3     11     33      -      0      0      0      0      -      -    405    544      0      2      0 
 23:15:17       0    171     71      -    100      5      0      0      -      -   3615   1531  17819      2      0 
 23:15:17       1     10     34      -      0      0      0      0      -      -    405    544      0      2      0 
 23:15:17       2    160     67      -    100      6      0      0      -      -   3615   1531  17819      2      0 
 23:15:17       3     12     33      -      0      0      0      0      -      -    405    544      0      2      0 
 23:15:47       0    182     70      -     98     16      0      0      -      -   3615   1531  17819      2      0 
 23:15:47       1     10     34      -      0      0      0      0      -      -    405    544      0      2      0 
 23:15:47       2    185     66      -     81     16      0      0      -      -   3615   1531  17819      2      0 
 23:15:47       3     15     33      -      0      0      0      0      -      -    405    544      0      2      0 
 23:16:17       0    182     70      -     72     19      0      0      -      -   3615   1531  17819      2      0 
 23:16:17       1     10     33      -      0      0      0      0      -      -    405    544      0      2      0 
 23:16:17       2    186     67      -     99     14      0      0      -      -   3615   1531  17819      2      0 
 23:16:17       3     10     33      -      0      0      0      0      -      -    405    544      0      2      0 
 23:16:47       0    178     71      -     99     11      0      0      -      -   3615   1531  17819      2      0 
 23:16:47       1     10     33      -      0      0      0      0      -      -    405    544      0      2      0 
 23:16:47       2    164     67      -    100      5      0      0      -      -   3615   1531  17819      2      0 
 23:16:47       3     10     33      -      0      0      0      0      -      -    405    544      0      2      0 
 23:17:17       0    184     70      -     97     20      0      0      -      -   3615   1531  17819      2      0 
 23:17:17       1     10     33      -      0      0      0      0      -      -    405    544      0      2      0 
 23:17:17       2    188     67      -     99     12      0      0      -      -   3615   1531  17819      2      0 
 23:17:17       3     10     33      -      0      0      0      0      -      -    405    544      0      2      0 
 23:17:47       0    198     70      -    100      4      0      0      -      -   3615   1531  17819      2      0 
 23:17:47       1     10     33      -      0      0      0      0      -      -    405    544      0      2      0 
 23:17:47       2    187     66      -    100      6      0      0      -      -   3615   1531  17819      2      0 
 23:17:47       3     10     32      -      0      0      0      0      -      -    405    544      0      2      0 
 23:18:17       0    140     70      -    100      5      0      0      -      -   3615   1531  17819      2      0 
 23:18:17       1     10     33      -      0      0      0      0      -      -    405    544      0      2      0 
 23:18:17       2    132     66      -    100      4      0      0      -      -   3615   1531  17819      2      0 
 23:18:17       3     10     32      -      0      0      0      0      -      -    405    544      0      2      0 
#Time         gpu    pwr  gtemp  mtemp     sm    mem    enc    dec    jpg    ofa   mclk   pclk     fb   bar1   ccpm 
#HH:MM:SS     Idx      W      C      C      %      %      %      %      %      %    MHz    MHz     MB     MB     MB 
 23:18:47       0    181     70      -     99     13      0      0      -      -   3615   1531  17819      2      0 
 23:18:47       1     10     33      -      0      0      0      0      -      -    405    544      0      2      0 
 23:18:47       2    209     66      -    100      6      0      0      -      -   3615   1531  17819      2      0 
 23:18:47       3     10     32      -      0      0      0      0      -      -    405    544      0      2      0 
 23:19:17       0    183     70      -    100      4      0      0      -      -   3615   1531  17819      2      0 
 23:19:17       1     10     33      -      0      0      0      0      -      -    405    544      0      2      0 
 23:19:17       2    187     66      -     99     14      0      0      -      -   3615   1531  17819      2      0 
 23:19:17       3     10     32      -      0      0      0      0      -      -    405    544      0      2      0 
 23:19:47       0    184     70      -     98     15      0      0      -      -   3615   1531  17819      2      0 
 23:19:47       1     10     33      -      0      0      0      0      -      -    405    544      0      2      0 
 23:19:47       2    188     66      -    100      5      0      0      -      -   3615   1531  17819      2      0 
 23:19:47       3     10     33      -      0      0      0      0      -      -    405    544      0      2      0 
 23:20:18       0    136     70      -    100      6      0      0      -      -   3615   1531  17819      2      0 
 23:20:18       1     10     33      -      0      0      0      0      -      -    405    544      0      2      0 
 23:20:18       2    178     67      -    100      5      0      0      -      -   3615   1531  17819      2      0 
 23:20:18       3     10     32      -      0      0      0      0      -      -    405    544      0      2      0 
 23:20:48       0    184     70      -    100      5      0      0      -      -   3615   1531  17819      2      0 
 23:20:48       1     10     33      -      0      0      0      0      -      -    405    544      0      2      0 
 23:20:48       2    188     66      -     99     15      0      0      -      -   3615   1531  17819      2      0 
 23:20:48       3     10     32      -      0      0      0      0      -      -    405    544      0      2      0 
 23:21:18       0    184     70      -    100      7      0      0      -      -   3615   1531  17819      2      0 
 23:21:18       1     10     33      -      0      0      0      0      -      -    405    544      0      2      0 
 23:21:18       2    188     67      -     98     20      0      0      -      -   3615   1531  17819      2      0 
 23:21:18       3     10     33      -      0      0      0      0      -      -    405    544      0      2      0 
 23:21:48       0    185     70      -    100      4      0      0      -      -   3615   1531  17819      2      0 
 23:21:48       1     10     33      -      0      0      0      0      -      -    405    544      0      2      0 
 23:21:48       2    180     66      -    100      5      0      0      -      -   3615   1531  17819      2      0 
 23:21:48       3     10     33      -      0      0      0      0      -      -    405    544      0      2      0 
 23:22:18       0    161     70      -    100      5      0      0      -      -   3615   1531  17819      2      0 
 23:22:18       1     10     33      -      0      0      0      0      -      -    405    544      0      2      0 
 23:22:18       2    155     66      -    100      6      0      0      -      -   3615   1531  17819      2      0 
 23:22:18       3     10     32      -      0      0      0      0      -      -    405    544      0      2      0 
 23:22:48       0    180     69      -     72      7      0      0      -      -   3615   1531  17819      2      0 
 23:22:48       1     10     33      -      0      0      0      0      -      -    405    544      0      2      0 
 23:22:48       2    171     66      -     90      7      0      0      -      -   3615   1531  17819      2      0 
 23:22:48       3     10     32      -      0      0      0      0      -      -    405    544      0      2      0 
 23:23:18       0    183     70      -    100      5      0      0      -      -   3615   1531  17819      2      0 
 23:23:18       1      9     33      -      0      0      0      0      -      -    405    544      0      2      0 
 23:23:18       2    189     66      -    100      6      0      0      -      -   3615   1531  17819      2      0 
 23:23:18       3     11     32      -      0      0      0      0      -      -    405    544      0      2      0 
 23:23:48       0    191     70      -    100      5      0      0      -      -   3615   1531  17819      2      0 
 23:23:48       1     10     33      -      0      0      0      0      -      -    405    544      0      2      0 
 23:23:48       2    174     66      -    100      5      0      0      -      -   3615   1531  17819      2      0 
 23:23:48       3     11     32      -      0      0      0      0      -      -    405    544      0      2      0 
#Time         gpu    pwr  gtemp  mtemp     sm    mem    enc    dec    jpg    ofa   mclk   pclk     fb   bar1   ccpm 
#HH:MM:SS     Idx      W      C      C      %      %      %      %      %      %    MHz    MHz     MB     MB     MB 
 23:24:18       0    184     70      -     99      9      0      0      -      -   3615   1531  17819      2      0 
 23:24:18       1     10     33      -      0      0      0      0      -      -    405    544      0      2      0 
 23:24:18       2    187     66      -     99     15      0      0      -      -   3615   1531  17819      2      0 
 23:24:18       3     11     33      -      0      0      0      0      -      -    405    544      0      2      0 
 23:24:48       0    183     70      -    100      4      0      0      -      -   3615   1531  17819      2      0 
 23:24:48       1     10     33      -      0      0      0      0      -      -    405    544      0      2      0 
 23:24:48       2    187     66      -    100      4      0      0      -      -   3615   1531  17819      2      0 
 23:24:48       3     10     33      -      0      0      0      0      -      -    405    544      0      2      0 
 23:25:18       0    183     70      -     98     19      0      0      -      -   3615   1531  17819      2      0 
 23:25:18       1     10     33      -      0      0      0      0      -      -    405    544      0      2      0 
 23:25:18       2    187     66      -     99     14      0      0      -      -   3615   1531  17819      2      0 
 23:25:18       3     10     33      -      0      0      0      0      -      -    405    544      0      2      0 
 23:25:48       0    182     70      -     69     16      0      0      -      -   3615   1531  17819      2      0 
 23:25:48       1     10     33      -      0      0      0      0      -      -    405    544      0      2      0 
 23:25:48       2    185     66      -     73      8      0      0      -      -   3615   1531  17819      2      0 
 23:25:48       3     10     33      -      0      0      0      0      -      -    405    544      0      2      0 
 23:26:18       0    142     70      -    100      5      0      0      -      -   3615   1531  17819      2      0 
 23:26:18       1     10     33      -      0      0      0      0      -      -    405    544      0      2      0 
 23:26:18       2    167     67      -    100      7      0      0      -      -   3615   1531  17819      2      0 
 23:26:18       3     10     33      -      0      0      0      0      -      -    405    544      0      2      0 
 23:26:48       0    212     70      -     99     11      0      0      -      -   3615   1531  17819      2      0 
 23:26:48       1     10     33      -      0      0      0      0      -      -    405    544      0      2      0 
 23:26:48       2    200     67      -    100      6      0      0      -      -   3615   1531  17819      2      0 
 23:26:48       3     11     33      -      0      0      0      0      -      -    405    544      0      2      0 
 23:27:18       0    183     71      -    100      4      0      0      -      -   3615   1531  17819      2      0 
 23:27:18       1     10     34      -      0      0      0      0      -      -    405    544      0      2      0 
 23:27:18       2    189     67      -    100      9      0      0      -      -   3615   1531  17819      2      0 
 23:27:18       3     10     33      -      0      0      0      0      -      -    405    544      0      2      0 
 23:27:48       0    184     70      -    100      4      0      0      -      -   3615   1531  17819      2      0 
 23:27:48       1     10     34      -      0      0      0      0      -      -    405    544      0      2      0 
 23:27:48       2    197     67      -    100      5      0      0      -      -   3615   1531  17819      2      0 
 23:27:48       3     11     33      -      0      0      0      0      -      -    405    544      0      2      0 
 23:28:18       0    186     71      -     99     14      0      0      -      -   3615   1531  17819      2      0 
 23:28:18       1     10     34      -      0      0      0      0      -      -    405    544      0      2      0 
 23:28:18       2    190     67      -    100      5      0      0      -      -   3615   1531  17819      2      0 
 23:28:18       3     10     33      -      0      0      0      0      -      -    405    544      0      2      0 
 23:28:48       0    207     70      -    100      6      0      0      -      -   3615   1531  17819      2      0 
 23:28:48       1     10     33      -      0      0      0      0      -      -    405    544      0      2      0 
 23:28:48       2    196     67      -    100      5      0      0      -      -   3615   1531  17819      2      0 
 23:28:48       3     10     33      -      0      0      0      0      -      -    405    544      0      2      0 
 23:29:18       0    143     70      -    100      6      0      0      -      -   3615   1531  17819      2      0 
 23:29:18       1     10     33      -      0      0      0      0      -      -    405    544      0      2      0 
 23:29:18       2    144     67      -    100      5      0      0      -      -   3615   1531  17819      2      0 
 23:29:18       3     10     33      -      0      0      0      0      -      -    405    544      0      2      0 
#Time         gpu    pwr  gtemp  mtemp     sm    mem    enc    dec    jpg    ofa   mclk   pclk     fb   bar1   ccpm 
#HH:MM:SS     Idx      W      C      C      %      %      %      %      %      %    MHz    MHz     MB     MB     MB 
 23:29:48       0    181     70      -     95      8      0      0      -      -   3615   1531  17819      2      0 
 23:29:48       1     10     33      -      0      0      0      0      -      -    405    544      0      2      0 
 23:29:48       2    185     66      -     70     16      0      0      -      -   3615   1531  17819      2      0 
 23:29:48       3     10     33      -      0      0      0      0      -      -    405    544      0      2      0 
 23:30:18       0    182     70      -     79      7      0      0      -      -   3615   1531  17819      2      0 
 23:30:18       1     10     33      -      0      0      0      0      -      -    405    544      0      2      0 
 23:30:18       2    186     66      -     79     17      0      0      -      -   3615   1531  17819      2      0 
 23:30:18       3     10     33      -      0      0      0      0      -      -    405    544      0      2      0 
 23:30:48       0     71     70      -    100      5      0      0      -      -   3615   1531  17819      2      0 
 23:30:48       1     10     33      -      0      0      0      0      -      -    405    544      0      2      0 
 23:30:48       2     76     66      -    100      6      0      0      -      -   3615   1531  17819      2      0 
 23:30:48       3     10     33      -      0      0      0      0      -      -    405    544      0      2      0 
 23:31:18       0    184     70      -     97     20      0      0      -      -   3615   1531  17819      2      0 
 23:31:18       1     10     33      -      0      0      0      0      -      -    405    544      0      2      0 
 23:31:18       2    188     67      -     98     22      0      0      -      -   3615   1531  17819      2      0 
 23:31:18       3     11     33      -      0      0      0      0      -      -    405    544      0      2      0 
 23:31:48       0    183     70      -    100      4      0      0      -      -   3615   1531  17819      2      0 
 23:31:48       1     10     33      -      0      0      0      0      -      -    405    544      0      2      0 
 23:31:48       2    187     67      -     95     21      0      0      -      -   3615   1531  17819      2      0 
 23:31:48       3     10     33      -      0      0      0      0      -      -    405    544      0      2      0 
 23:32:18       0    193     70      -     95     54      0      0      -      -   3615   1531  17819      2      0 
 23:32:18       1     10     33      -      0      0      0      0      -      -    405    544      0      2      0 
 23:32:18       2    197     66      -     94     55      0      0      -      -   3615   1531  17819      2      0 
 23:32:18       3     10     33      -      0      0      0      0      -      -    405    544      0      2      0 
 23:32:48       0     53     55      -      0      0      0      0      -      -   3615   1303  11125      2      0 
 23:32:48       1     51     36      -      0      0      0      0      -      -   3615   1303  11125      2      0 
 23:32:48       2     55     53      -      0      0      0      0      -      -   3615   1303  11125      2      0 
 23:32:48       3     51     36      -      0      0      0      0      -      -   3615   1303  11125      2      0 
 23:33:18       0    123     59      -     94     21      0      0      -      -   3615   1531  11179      2      0 
 23:33:18       1    137     45      -     94     21      0      0      -      -   3615   1531  11179      2      0 
 23:33:18       2    125     56      -     89     22      0      0      -      -   3615   1531  11179      2      0 
 23:33:18       3    106     45      -     90     21      0      0      -      -   3615   1531  11179      2      0 
 23:33:48       0    121     60      -     94     19      0      0      -      -   3615   1531  11179      2      0 
 23:33:48       1    120     51      -     94     21      0      0      -      -   3615   1531  11179      2      0 
 23:33:48       2    136     58      -     90     21      0      0      -      -   3615   1531  11179      2      0 
 23:33:48       3    116     49      -     90     20      0      0      -      -   3615   1531  11179      2      0 
 23:34:18       0    140     62      -     94     19      0      0      -      -   3615   1531  11179      2      0 
 23:34:18       1    147     54      -     95     18      0      0      -      -   3615   1531  11179      2      0 
 23:34:18       2    156     59      -     91     19      0      0      -      -   3615   1531  11179      2      0 
 23:34:18       3    153     53      -     90     19      0      0      -      -   3615   1531  11179      2      0 
 23:34:48       0    122     62      -     93     22      0      0      -      -   3615   1531  11179      2      0 
 23:34:48       1    118     57      -     93     22      0      0      -      -   3615   1531  11179      2      0 
 23:34:48       2    107     60      -     89     22      0      0      -      -   3615   1531  11179      2      0 
 23:34:48       3    124     54      -     89     23      0      0      -      -   3615   1531  11179      2      0 
#Time         gpu    pwr  gtemp  mtemp     sm    mem    enc    dec    jpg    ofa   mclk   pclk     fb   bar1   ccpm 
#HH:MM:SS     Idx      W      C      C      %      %      %      %      %      %    MHz    MHz     MB     MB     MB 
 23:35:18       0    132     64      -     94     21      0      0      -      -   3615   1531  11179      2      0 
 23:35:18       1    120     59      -     94     21      0      0      -      -   3615   1531  11179      2      0 
 23:35:18       2    132     61      -     90     21      0      0      -      -   3615   1531  11179      2      0 
 23:35:18       3    114     56      -     89     20      0      0      -      -   3615   1531  11179      2      0 
 23:35:48       0    128     66      -     95     20      0      0      -      -   3615   1531  11179      2      0 
 23:35:48       1    131     61      -     94     19      0      0      -      -   3615   1531  11179      2      0 
 23:35:48       2    118     63      -     91     20      0      0      -      -   3615   1531  11179      2      0 
 23:35:48       3    118     59      -     90     19      0      0      -      -   3615   1531  11179      2      0 
 23:36:18       0    161     67      -     58      8      0      0      -      -   3615   1531  11179      2      0 
 23:36:18       1    144     64      -     59      9      0      0      -      -   3615   1531  11179      2      0 
 23:36:18       2    132     65      -     63     11      0      0      -      -   3615   1531  11179      2      0 
 23:36:18       3    148     60      -     59     10      0      0      -      -   3615   1531  11179      2      0 
 23:36:48       0    148     69      -     95     19      0      0      -      -   3615   1531  11179      2      0 
 23:36:48       1    158     66      -     94     19      0      0      -      -   3615   1531  11179      2      0 
 23:36:48       2    163     66      -     90     20      0      0      -      -   3615   1531  11179      2      0 
 23:36:48       3    161     62      -     90     19      0      0      -      -   3615   1531  11179      2      0 
 23:37:18       0    115     70      -     96     16      0      0      -      -   3615   1531  11179      2      0 
 23:37:18       1    121     68      -     95     19      0      0      -      -   3615   1531  11179      2      0 
 23:37:18       2    147     67      -     91     19      0      0      -      -   3615   1531  11179      2      0 
 23:37:18       3    116     63      -     91     19      0      0      -      -   3615   1531  11179      2      0 
 23:37:48       0    111     71      -     95     18      0      0      -      -   3615   1531  11179      2      0 
 23:37:48       1    143     69      -     95     18      0      0      -      -   3615   1531  11179      2      0 
 23:37:48       2    133     68      -     91     18      0      0      -      -   3615   1531  11179      2      0 
 23:37:48       3    111     64      -     92     18      0      0      -      -   3615   1531  11179      2      0 
 23:38:18       0    133     72      -     95     18      0      0      -      -   3615   1531  11179      2      0 
 23:38:18       1    148     70      -     96     15      0      0      -      -   3615   1531  11179      2      0 
 23:38:18       2    158     69      -     91     18      0      0      -      -   3615   1531  11179      2      0 
 23:38:18       3    129     65      -     93     16      0      0      -      -   3615   1531  11179      2      0 
 23:38:48       0     69     72      -     95     17      0      0      -      -   3615   1531  11179      2      0 
 23:38:48       1     70     71      -     87     14      0      0      -      -   3615   1531  11179      2      0 
 23:38:48       2     74     70      -     93     15      0      0      -      -   3615   1531  11179      2      0 
 23:38:48       3     66     65      -     92     17      0      0      -      -   3615   1531  11179      2      0 
 23:39:18       0    116     72      -     95     17      0      0      -      -   3615   1531  11179      2      0 
 23:39:18       1    129     71      -     96     14      0      0      -      -   3615   1531  11179      2      0 
 23:39:18       2    144     70      -     92     17      0      0      -      -   3615   1531  11179      2      0 
 23:39:18       3    147     65      -     94     14      0      0      -      -   3615   1531  11179      2      0 
 23:39:48       0    179     72      -     96     14      0      0      -      -   3615   1531  11179      2      0 
 23:39:48       1    183     71      -     96     14      0      0      -      -   3615   1531  11179      2      0 
 23:39:48       2    178     70      -     94     14      0      0      -      -   3615   1531  11179      2      0 
 23:39:48       3    169     65      -     93     16      0      0      -      -   3615   1531  11179      2      0 
 23:40:18       0    122     72      -     96     14      0      0      -      -   3615   1531  11179      2      0 
 23:40:18       1    124     71      -     96     16      0      0      -      -   3615   1531  11179      2      0 
 23:40:18       2    139     70      -     93     16      0      0      -      -   3615   1531  11179      2      0 
 23:40:18       3    142     65      -     93     16      0      0      -      -   3615   1531  11179      2      0 
#Time         gpu    pwr  gtemp  mtemp     sm    mem    enc    dec    jpg    ofa   mclk   pclk     fb   bar1   ccpm 
#HH:MM:SS     Idx      W      C      C      %      %      %      %      %      %    MHz    MHz     MB     MB     MB 
 23:40:48       0    113     72      -     96     16      0      0      -      -   3615   1531  11179      2      0 
 23:40:48       1    140     71      -     96     16      0      0      -      -   3615   1531  11179      2      0 
 23:40:48       2    136     70      -     94     14      0      0      -      -   3615   1531  11179      2      0 
 23:40:48       3    116     66      -     93     15      0      0      -      -   3615   1531  11179      2      0 
 23:41:18       0    146     71      -     96     15      0      0      -      -   3615   1531  11179      2      0 
 23:41:18       1    158     70      -     96     14      0      0      -      -   3615   1531  11179      2      0 
 23:41:18       2    164     69      -     94     14      0      0      -      -   3615   1531  11179      2      0 
 23:41:18       3    161     65      -     94     14      0      0      -      -   3615   1531  11179      2      0 
 23:41:48       0    176     71      -     96     15      0      0      -      -   3615   1531  11179      2      0 
 23:41:48       1    182     70      -     96     14      0      0      -      -   3615   1531  11179      2      0 
 23:41:48       2    181     69      -     94     14      0      0      -      -   3615   1531  11179      2      0 
 23:41:48       3    175     65      -     94     14      0      0      -      -   3615   1531  11179      2      0 
 23:42:18       0    177     71      -     96     14      0      0      -      -   3615   1531  11179      2      0 
 23:42:18       1    184     70      -     96     14      0      0      -      -   3615   1531  11179      2      0 
 23:42:18       2    182     69      -     94     14      0      0      -      -   3615   1531  11179      2      0 
 23:42:18       3    179     65      -     94     14      0      0      -      -   3615   1531  11179      2      0 
 23:42:48       0    129     72      -     96     14      0      0      -      -   3615   1531  11179      2      0 
 23:42:48       1    153     70      -     96     14      0      0      -      -   3615   1531  11179      2      0 
 23:42:48       2    146     69      -     94     14      0      0      -      -   3615   1531  11179      2      0 
 23:42:48       3    121     65      -     94     14      0      0      -      -   3615   1531  11179      2      0 
 23:43:18       0    177     71      -     96     14      0      0      -      -   3615   1531  11179      2      0 
 23:43:18       1    182     70      -     96     14      0      0      -      -   3615   1531  11179      2      0 
 23:43:18       2    182     69      -     94     14      0      0      -      -   3615   1531  11179      2      0 
 23:43:18       3    178     65      -     94     14      0      0      -      -   3615   1531  11179      2      0 
 23:43:48       0    128     72      -     96     14      0      0      -      -   3615   1531  11179      2      0 
 23:43:48       1    134     70      -     97     13      0      0      -      -   3615   1531  11179      2      0 
 23:43:48       2    121     69      -     94     14      0      0      -      -   3615   1531  11179      2      0 
 23:43:48       3    116     65      -     94     13      0      0      -      -   3615   1531  11179      2      0 
 23:44:19       0    135     71      -     96     14      0      0      -      -   3615   1531  11179      2      0 
 23:44:19       1    142     70      -     97     13      0      0      -      -   3615   1531  11179      2      0 
 23:44:19       2    128     69      -     95     13      0      0      -      -   3615   1531  11179      2      0 
 23:44:19       3    122     65      -     93     14      0      0      -      -   3615   1531  11179      2      0 
 23:44:49       0    180     71      -     97     13      0      0      -      -   3615   1531  11191      2      0 
 23:44:49       1    185     69      -     97     13      0      0      -      -   3615   1531  11191      2      0 
 23:44:49       2    182     68      -     95     12      0      0      -      -   3615   1531  11191      2      0 
 23:44:49       3    176     65      -     94     14      0      0      -      -   3615   1531  11191      2      0 
 23:45:19       0    114     68      -     94     22      0      0      -      -   3615   1531  11191      2      0 
 23:45:19       1    126     67      -     93     21      0      0      -      -   3615   1531  11191      2      0 
 23:45:19       2    123     66      -     89     22      0      0      -      -   3615   1531  11191      2      0 
 23:45:19       3    105     62      -     89     22      0      0      -      -   3615   1531  11191      2      0 
 23:45:49       0    124     67      -     94     21      0      0      -      -   3615   1531  11191      2      0 
 23:45:49       1    111     66      -     94     21      0      0      -      -   3615   1531  11191      2      0 
 23:45:49       2    131     65      -     90     20      0      0      -      -   3615   1531  11191      2      0 
 23:45:49       3    138     62      -     90     20      0      0      -      -   3615   1531  11191      2      0 
#Time         gpu    pwr  gtemp  mtemp     sm    mem    enc    dec    jpg    ofa   mclk   pclk     fb   bar1   ccpm 
#HH:MM:SS     Idx      W      C      C      %      %      %      %      %      %    MHz    MHz     MB     MB     MB 
 23:46:19       0     66     68      -     95     19      0      0      -      -   3615   1531  11191      2      0 
 23:46:19       1     83     66      -     95     19      0      0      -      -   3615   1531  11191      2      0 
 23:46:19       2    118     65      -     65     14      0      0      -      -   3615   1531  11191      2      0 
 23:46:19       3    127     62      -     81     16      0      0      -      -   3615   1531  11191      2      0 
 23:46:49       0     78     68      -     67     12      0      0      -      -   3615   1531  11191      2      0 
 23:46:49       1     77     67      -     54      9      0      0      -      -   3615   1531  11191      2      0 
 23:46:49       2     77     66      -     52      8      0      0      -      -   3615   1531  11191      2      0 
 23:46:49       3     78     63      -     60     10      0      0      -      -   3615   1531  11191      2      0 
 23:47:19       0    135     69      -     96     17      0      0      -      -   3615   1531  11191      2      0 
 23:47:19       1    121     68      -     95     17      0      0      -      -   3615   1531  11191      2      0 
 23:47:19       2    135     67      -     91     18      0      0      -      -   3615   1531  11191      2      0 
 23:47:19       3    117     64      -     91     19      0      0      -      -   3615   1531  11191      2      0 
 23:47:49       0    148     69      -     96     17      0      0      -      -   3615   1531  11191      2      0 
 23:47:49       1    130     68      -     95     16      0      0      -      -   3615   1531  11191      2      0 
 23:47:49       2    134     67      -     93     17      0      0      -      -   3615   1531  11191      2      0 
 23:47:49       3    132     64      -     92     17      0      0      -      -   3615   1531  11191      2      0 
 23:48:19       0    109     70      -     95     18      0      0      -      -   3615   1531  11191      2      0 
 23:48:19       1    136     69      -     95     18      0      0      -      -   3615   1531  11191      2      0 
 23:48:19       2    130     68      -     94     14      0      0      -      -   3615   1531  11191      2      0 
 23:48:19       3    113     64      -     91     18      0      0      -      -   3615   1531  11191      2      0 
 23:48:49       0    176     70      -     95     16      0      0      -      -   3615   1531  11191      2      0 
 23:48:49       1    174     69      -     96     16      0      0      -      -   3615   1531  11191      2      0 
 23:48:49       2    146     69      -     92     18      0      0      -      -   3615   1531  11191      2      0 
 23:48:49       3    129     65      -     92     16      0      0      -      -   3615   1531  11191      2      0 
 23:49:19       0    149     71      -     96     14      0      0      -      -   3615   1531  11191      2      0 
 23:49:19       1    146     70      -     95     17      0      0      -      -   3615   1531  11191      2      0 
 23:49:19       2    131     69      -     94     14      0      0      -      -   3615   1531  11191      2      0 
 23:49:19       3    129     65      -     92     17      0      0      -      -   3615   1531  11191      2      0 
 23:49:49       0    149     71      -     95     17      0      0      -      -   3615   1531  11191      2      0 
 23:49:49       1    160     70      -     95     16      0      0      -      -   3615   1531  11191      2      0 
 23:49:49       2    165     69      -     93     16      0      0      -      -   3615   1531  11191      2      0 
 23:49:49       3    163     65      -     92     16      0      0      -      -   3615   1531  11191      2      0 
 23:50:19       0    129     71      -     96     14      0      0      -      -   3615   1531  11191      2      0 
 23:50:19       1    144     70      -     96     17      0      0      -      -   3615   1531  11191      2      0 
 23:50:19       2    127     70      -     93     16      0      0      -      -   3615   1531  11191      2      0 
 23:50:19       3    119     66      -     93     17      0      0      -      -   3615   1531  11191      2      0 
 23:50:49       0     68     72      -     85     11      0      0      -      -   3615   1531  11191      2      0 
 23:50:49       1     69     70      -     96     14      0      0      -      -   3615   1531  11191      2      0 
 23:50:49       2     73     70      -     93     16      0      0      -      -   3615   1531  11191      2      0 
 23:50:49       3     66     65      -     94     15      0      0      -      -   3615   1531  11191      2      0 
 23:51:19       0    178     71      -     96     14      0      0      -      -   3615   1531  11191      2      0 
 23:51:19       1    183     70      -     95     15      0      0      -      -   3615   1531  11191      2      0 
 23:51:19       2    182     69      -     73     11      0      0      -      -   3615   1531  11191      2      0 
 23:51:19       3    176     65      -     90     15      0      0      -      -   3615   1531  11191      2      0 
#Time         gpu    pwr  gtemp  mtemp     sm    mem    enc    dec    jpg    ofa   mclk   pclk     fb   bar1   ccpm 
#HH:MM:SS     Idx      W      C      C      %      %      %      %      %      %    MHz    MHz     MB     MB     MB 
 23:51:49       0    165     71      -     96     14      0      0      -      -   3615   1531  11191      2      0 
 23:51:49       1    172     70      -     96     15      0      0      -      -   3615   1531  11191      2      0 
 23:51:49       2    174     69      -     94     14      0      0      -      -   3615   1531  11191      2      0 
 23:51:49       3    169     65      -     94     15      0      0      -      -   3615   1531  11191      2      0 
 23:52:19       0    179     71      -     96     15      0      0      -      -   3615   1531  11191      2      0 
 23:52:19       1    185     70      -     96     14      0      0      -      -   3615   1531  11191      2      0 
 23:52:19       2    185     70      -     93     15      0      0      -      -   3615   1531  11191      2      0 
 23:52:19       3    177     66      -     93     15      0      0      -      -   3615   1531  11191      2      0 
 23:52:49       0     71     71      -     70      7      0      0      -      -   3615   1531  11191      2      0 
 23:52:49       1     72     70      -     68      6      0      0      -      -   3615   1531  11191      2      0 
 23:52:49       2     75     69      -     70      7      0      0      -      -   3615   1531  11191      2      0 
 23:52:49       3     67     65      -     66      7      0      0      -      -   3615   1531  11191      2      0 
 23:53:19       0    115     71      -     97     14      0      0      -      -   3615   1531  11191      2      0 
 23:53:19       1    145     70      -     70     11      0      0      -      -   3615   1531  11191      2      0 
 23:53:19       2    133     69      -     54     10      0      0      -      -   3615   1531  11191      2      0 
 23:53:19       3    113     66      -     94     13      0      0      -      -   3615   1531  11191      2      0 
 23:53:49       0     95     72      -     40      5      0      0      -      -   3615   1531  11191      2      0 
 23:53:49       1     90     70      -     67      5      0      0      -      -   3615   1531  11191      2      0 
 23:53:49       2     88     69      -     39      3      0      0      -      -   3615   1531  11191      2      0 
 23:53:49       3     77     65      -     65      4      0      0      -      -   3615   1531  11191      2      0 
 23:54:19       0    148     72      -     96     15      0      0      -      -   3615   1531  11191      2      0 
 23:54:19       1    128     71      -     96     14      0      0      -      -   3615   1531  11191      2      0 
 23:54:19       2    143     70      -     94     14      0      0      -      -   3615   1531  11191      2      0 
 23:54:19       3    116     66      -     95     13      0      0      -      -   3615   1531  11191      2      0 
 23:54:49       0    156     71      -     97     12      0      0      -      -   3615   1531  11191      2      0 
 23:54:49       1    165     70      -     91     12      0      0      -      -   3615   1531  11191      2      0 
 23:54:49       2    169     69      -     94     14      0      0      -      -   3615   1531  11191      2      0 
 23:54:49       3    168     65      -     87     12      0      0      -      -   3615   1531  11191      2      0 
 23:55:19       0    178     71      -     97     13      0      0      -      -   3615   1531  11191      2      0 
 23:55:19       1    184     70      -     96     14      0      0      -      -   3615   1531  11191      2      0 
 23:55:19       2    182     69      -     94     14      0      0      -      -   3615   1531  11191      2      0 
 23:55:19       3    179     65      -     94     14      0      0      -      -   3615   1531  11191      2      0 
 23:55:49       0    133     71      -     97     14      0      0      -      -   3615   1531  11191      2      0 
 23:55:49       1    121     70      -     96     12      0      0      -      -   3615   1531  11191      2      0 
 23:55:49       2    133     69      -     94     12      0      0      -      -   3615   1531  11191      2      0 
 23:55:49       3    138     66      -     94     12      0      0      -      -   3615   1531  11191      2      0 
 23:56:19       0    119     72      -     97     11      0      0      -      -   3615   1531  11191      2      0 
 23:56:19       1    129     70      -     95     14      0      0      -      -   3615   1531  11191      2      0 
 23:56:19       2    128     69      -     95     13      0      0      -      -   3615   1531  11191      2      0 
 23:56:19       3    109     66      -     93     14      0      0      -      -   3615   1531  11191      2      0 
 23:56:49       0    140     72      -     98     11      0      0      -      -   3615   1531  11191      2      0 
 23:56:49       1    126     70      -     96     14      0      0      -      -   3615   1531  11191      2      0 
 23:56:49       2    140     69      -     93     14      0      0      -      -   3615   1531  11191      2      0 
 23:56:49       3    126     66      -     93     14      0      0      -      -   3615   1531  11191      2      0 
#Time         gpu    pwr  gtemp  mtemp     sm    mem    enc    dec    jpg    ofa   mclk   pclk     fb   bar1   ccpm 
#HH:MM:SS     Idx      W      C      C      %      %      %      %      %      %    MHz    MHz     MB     MB     MB 
 23:57:19       0    171     72      -     96     14      0      0      -      -   3615   1531  11191      2      0 
 23:57:19       1    173     70      -     97     12      0      0      -      -   3615   1531  11191      2      0 
 23:57:19       2    171     69      -     95     13      0      0      -      -   3615   1531  11191      2      0 
 23:57:19       3    152     66      -     95     12      0      0      -      -   3615   1531  11191      2      0 
 23:57:49       0     93     70      -     78      7      0      0      -      -   3615   1531  11191      2      0 
 23:57:49       1     91     69      -     56      6      0      0      -      -   3615   1531  11191      2      0 
 23:57:49       2    122     68      -     80      6      0      0      -      -   3615   1531  11191      2      0 
 23:57:49       3    120     65      -     77      6      0      0      -      -   3615   1531  11191      2      0 
 23:58:19       0    165     72      -     97     12      0      0      -      -   3615   1531  11191      2      0 
 23:58:19       1    165     70      -     95     15      0      0      -      -   3615   1531  11191      2      0 
 23:58:19       2    157     69      -     93     14      0      0      -      -   3615   1531  11191      2      0 
 23:58:19       3    134     66      -     93     14      0      0      -      -   3615   1531  11191      2      0 
 23:58:49       0    182     71      -     98     10      0      0      -      -   3615   1531  11191      2      0 
 23:58:49       1    184     70      -     97     14      0      0      -      -   3615   1531  11191      2      0 
 23:58:49       2    184     69      -     96     12      0      0      -      -   3615   1531  11191      2      0 
 23:58:49       3    181     65      -     96     12      0      0      -      -   3615   1531  11191      2      0 
 23:59:19       0    127     72      -     98     11      0      0      -      -   3615   1531  11191      2      0 
 23:59:19       1    113     70      -     96     14      0      0      -      -   3615   1531  11191      2      0 
 23:59:19       2    132     69      -     97     10      0      0      -      -   3615   1531  11191      2      0 
 23:59:19       3    138     66      -     97     10      0      0      -      -   3615   1531  11191      2      0 
 23:59:49       0    179     71      -     98     11      0      0      -      -   3615   1531  11191      2      0 
 23:59:49       1    182     70      -     95     15      0      0      -      -   3615   1531  11191      2      0 
 23:59:49       2    182     69      -     93     15      0      0      -      -   3615   1531  11191      2      0 
 23:59:49       3    179     65      -     97     10      0      0      -      -   3615   1531  11191      2      0 
 00:00:19       0    183     71      -     98     11      0      0      -      -   3615   1531  11191      2      0 
 00:00:19       1    185     70      -     97     14      0      0      -      -   3615   1531  11191      2      0 
 00:00:19       2    187     69      -     94     14      0      0      -      -   3615   1531  11191      2      0 
 00:00:19       3    182     66      -     94     14      0      0      -      -   3615   1531  11191      2      0 
 00:00:49       0    149     71      -     97     11      0      0      -      -   3615   1531  11191      2      0 
 00:00:49       1    158     69      -     98     11      0      0      -      -   3615   1531  11191      2      0 
 00:00:49       2    166     69      -     96      9      0      0      -      -   3615   1531  11191      2      0 
 00:00:49       3    165     65      -     94     13      0      0      -      -   3615   1531  11191      2      0 
 00:01:19       0    182     71      -     52      3      0      0      -      -   3615   1531  11191      2      0 
 00:01:19       1    188     69      -     63      5      0      0      -      -   3615   1531  11191      2      0 
 00:01:19       2    185     68      -     65      5      0      0      -      -   3615   1531  11191      2      0 
 00:01:19       3    182     65      -     65      5      0      0      -      -   3615   1531  11191      2      0 
 00:01:49       0    138     71      -     98     11      0      0      -      -   3615   1531  11191      2      0 
 00:01:49       1    123     70      -     98     11      0      0      -      -   3615   1531  11191      2      0 
 00:01:49       2    131     69      -     96     11      0      0      -      -   3615   1531  11191      2      0 
 00:01:49       3    136     65      -     98      9      0      0      -      -   3615   1531  11191      2      0 
 00:02:19       0    176     71      -     41      3      0      0      -      -   3615   1531  11191      2      0 
 00:02:19       1    180     69      -     58     11      0      0      -      -   3615   1531  11191      2      0 
 00:02:19       2    181     68      -     36      6      0      0      -      -   3615   1531  11191      2      0 
 00:02:19       3    178     65      -     36      5      0      0      -      -   3615   1531  11191      2      0 
#Time         gpu    pwr  gtemp  mtemp     sm    mem    enc    dec    jpg    ofa   mclk   pclk     fb   bar1   ccpm 
#HH:MM:SS     Idx      W      C      C      %      %      %      %      %      %    MHz    MHz     MB     MB     MB 
 00:02:49       0    181     71      -     96     15      0      0      -      -   3615   1531  11191      2      0 
 00:02:49       1    184     70      -     99      9      0      0      -      -   3615   1531  11191      2      0 
 00:02:49       2    186     69      -     93     14      0      0      -      -   3615   1531  11191      2      0 
 00:02:49       3    180     66      -     98      9      0      0      -      -   3615   1531  11191      2      0 
 00:03:19       0    137     72      -     99      7      0      0      -      -   3615   1531  11191      2      0 
 00:03:19       1    123     70      -     97     15      0      0      -      -   3615   1531  11191      2      0 
 00:03:19       2    134     69      -     97      8      0      0      -      -   3615   1531  11191      2      0 
 00:03:19       3    126     66      -     98      8      0      0      -      -   3615   1531  11191      2      0 
 00:03:49       0    152     71      -     96     15      0      0      -      -   3615   1531  11191      2      0 
 00:03:49       1    129     70      -     98     10      0      0      -      -   3615   1531  11191      2      0 
 00:03:49       2    155     69      -     93     14      0      0      -      -   3615   1531  11191      2      0 
 00:03:49       3    140     66      -     95     13      0      0      -      -   3615   1531  11191      2      0 
 00:04:19       0     66     71      -     99      9      0      0      -      -   3615   1531  11191      2      0 
 00:04:19       1     68     70      -     94      7      0      0      -      -   3615   1531  11191      2      0 
 00:04:19       2     73     69      -     99      7      0      0      -      -   3615   1531  11191      2      0 
 00:04:19       3     66     65      -     96     10      0      0      -      -   3615   1531  11191      2      0 
 00:04:49       0    179     71      -     96     15      0      0      -      -   3615   1531  11191      2      0 
 00:04:49       1    183     70      -     98      6      0      0      -      -   3615   1531  11191      2      0 
 00:04:49       2    185     69      -     92     15      0      0      -      -   3615   1531  11191      2      0 
 00:04:49       3    178     66      -     99      6      0      0      -      -   3615   1531  11191      2      0 
 00:05:19       0    115     72      -     96     14      0      0      -      -   3615   1531  11191      2      0 
 00:05:19       1    124     70      -     99      7      0      0      -      -   3615   1531  11191      2      0 
 00:05:19       2    148     69      -     97      8      0      0      -      -   3615   1531  11191      2      0 
 00:05:19       3    129     66      -     98      8      0      0      -      -   3615   1531  11191      2      0 
 00:05:49       0    167     71      -     99      7      0      0      -      -   3615   1531  11191      2      0 
 00:05:49       1    172     70      -     97     12      0      0      -      -   3615   1531  11191      2      0 
 00:05:49       2    177     68      -     99      6      0      0      -      -   3615   1531  11191      2      0 
 00:05:49       3    174     65      -     95     12      0      0      -      -   3615   1531  11191      2      0 
 00:06:19       0    176     71      -     95     12      0      0      -      -   3615   1531  11191      2      0 
 00:06:19       1    179     70      -     99      7      0      0      -      -   3615   1531  11191      2      0 
 00:06:19       2    180     69      -     98      8      0      0      -      -   3615   1531  11191      2      0 
 00:06:19       3    177     65      -     99      8      0      0      -      -   3615   1531  11191      2      0 
 00:06:49       0    128     71      -     98      9      0      0      -      -   3615   1531  11191      2      0 
 00:06:49       1    115     70      -     98     11      0      0      -      -   3615   1531  11191      2      0 
 00:06:49       2    133     68      -     95     12      0      0      -      -   3615   1531  11191      2      0 
 00:06:49       3    137     65      -     96     11      0      0      -      -   3615   1531  11191      2      0 
 00:07:19       0    128     71      -     99      9      0      0      -      -   3615   1531  11191      2      0 
 00:07:19       1    141     70      -     98      9      0      0      -      -   3615   1531  11191      2      0 
 00:07:19       2    153     69      -     99      7      0      0      -      -   3615   1531  11191      2      0 
 00:07:19       3    154     65      -     97     10      0      0      -      -   3615   1531  11191      2      0 
 00:07:49       0    183     71      -     96     15      0      0      -      -   3615   1531  11191      2      0 
 00:07:49       1    185     70      -     97     14      0      0      -      -   3615   1531  11191      2      0 
 00:07:49       2    186     69      -     94     14      0      0      -      -   3615   1531  11191      2      0 
 00:07:49       3    181     66      -     94     14      0      0      -      -   3615   1531  11191      2      0 
#Time         gpu    pwr  gtemp  mtemp     sm    mem    enc    dec    jpg    ofa   mclk   pclk     fb   bar1   ccpm 
#HH:MM:SS     Idx      W      C      C      %      %      %      %      %      %    MHz    MHz     MB     MB     MB 
 00:08:20       0    183     71      -     96     14      0      0      -      -   3615   1531  11191      2      0 
 00:08:20       1    186     70      -     98     10      0      0      -      -   3615   1531  11191      2      0 
 00:08:20       2    188     69      -     98      8      0      0      -      -   3615   1531  11191      2      0 
 00:08:20       3    181     66      -     98      9      0      0      -      -   3615   1531  11191      2      0 
 00:08:50       0    181     71      -     95     14      0      0      -      -   3615   1531  11191      2      0 
 00:08:50       1    184     69      -     99      8      0      0      -      -   3615   1531  11191      2      0 
 00:08:50       2    182     68      -     98      7      0      0      -      -   3615   1531  11191      2      0 
 00:08:50       3    179     65      -     92     14      0      0      -      -   3615   1531  11191      2      0 
 00:09:20       0    130     71      -     99      7      0      0      -      -   3615   1531  11191      2      0 
 00:09:20       1    144     70      -     98      9      0      0      -      -   3615   1531  11191      2      0 
 00:09:20       2    129     69      -     99      6      0      0      -      -   3615   1531  11191      2      0 
 00:09:20       3    120     65      -     99      6      0      0      -      -   3615   1531  11191      2      0 
 00:09:50       0    110     71      -     98     10      0      0      -      -   3615   1531  11191      2      0 
 00:09:50       1    138     69      -    100      7      0      0      -      -   3615   1531  11191      2      0 
 00:09:50       2    134     68      -     98      7      0      0      -      -   3615   1531  11191      2      0 
 00:09:50       3    115     65      -     96     12      0      0      -      -   3615   1531  11191      2      0 
 00:10:20       0    184     71      -     97     12      0      0      -      -   3615   1531  11191      2      0 
 00:10:20       1    187     70      -     97     14      0      0      -      -   3615   1531  11191      2      0 
 00:10:20       2    185     69      -     94     15      0      0      -      -   3615   1531  11191      2      0 
 00:10:20       3    182     66      -     94     15      0      0      -      -   3615   1531  11191      2      0 
 00:10:50       0    120     71      -    100      5      0      0      -      -   3615   1531  11191      2      0 
 00:10:50       1    130     70      -     97     15      0      0      -      -   3615   1531  11191      2      0 
 00:10:50       2    118     68      -     97     10      0      0      -      -   3615   1531  11191      2      0 
 00:10:50       3    119     66      -     99      6      0      0      -      -   3615   1531  11191      2      0 
 00:11:20       0    185     71      -     96     15      0      0      -      -   3615   1531  11191      2      0 
 00:11:20       1    189     70      -     97     13      0      0      -      -   3615   1531  11191      2      0 
 00:11:20       2    190     69      -     96     12      0      0      -      -   3615   1531  11191      2      0 
 00:11:20       3    182     66      -     95     13      0      0      -      -   3615   1531  11191      2      0 
 00:11:50       0    141     71      -     99      8      0      0      -      -   3615   1531  11191      2      0 
 00:11:50       1    154     70      -     98      9      0      0      -      -   3615   1531  11191      2      0 
 00:11:50       2    166     69      -     98      6      0      0      -      -   3615   1531  11191      2      0 
 00:11:50       3    164     65      -    100      6      0      0      -      -   3615   1531  11191      2      0 
 00:12:20       0     70     71      -     67      5      0      0      -      -   3615   1531  11191      2      0 
 00:12:20       1     72     69      -    100      6      0      0      -      -   3615   1531  11191      2      0 
 00:12:20       2     75     68      -     83      5      0      0      -      -   3615   1531  11191      2      0 
 00:12:20       3     68     65      -    100      5      0      0      -      -   3615   1531  11191      2      0 
 00:12:50       0     14     62      -      0      0      0      0      -      -    405    544      0      2      0 
 00:12:50       1     14     62      -      0      0      0      0      -      -    405    544      0      2      0 
 00:12:50       2     15     61      -      0      0      0      0      -      -    405    544      0      2      0 
 00:12:50       3     14     56      -      0      0      0      0      -      -    405    544      0      2      0 
 00:13:20       0    109     63      -     83     19      0      0      -      -   3615   1531  10417      2      0 
 00:13:20       1    128     61      -     93     21      0      0      -      -   3615   1531  10417      2      0 
 00:13:20       2    115     61      -     79     19      0      0      -      -   3615   1531  10417      2      0 
 00:13:20       3    104     57      -     78     18      0      0      -      -   3615   1531  10417      2      0 
#Time         gpu    pwr  gtemp  mtemp     sm    mem    enc    dec    jpg    ofa   mclk   pclk     fb   bar1   ccpm 
#HH:MM:SS     Idx      W      C      C      %      %      %      %      %      %    MHz    MHz     MB     MB     MB 
 00:13:50       0    127     64      -     94     21      0      0      -      -   3615   1531  10417      2      0 
 00:13:50       1    127     63      -     94     21      0      0      -      -   3615   1531  10417      2      0 
 00:13:50       2    138     62      -     89     21      0      0      -      -   3615   1531  10417      2      0 
 00:13:50       3    118     59      -     90     20      0      0      -      -   3615   1531  10417      2      0 
 00:14:20       0    127     66      -     94     18      0      0      -      -   3615   1531  10417      2      0 
 00:14:20       1    147     65      -     95     19      0      0      -      -   3615   1531  10417      2      0 
 00:14:20       2    129     64      -     91     19      0      0      -      -   3615   1531  10417      2      0 
 00:14:20       3    122     61      -     90     19      0      0      -      -   3615   1531  10417      2      0 
 00:14:50       0    130     67      -     95     18      0      0      -      -   3615   1531  10417      2      0 
 00:14:50       1    134     66      -     94     20      0      0      -      -   3615   1531  10417      2      0 
 00:14:50       2    120     65      -     90     20      0      0      -      -   3615   1531  10417      2      0 
 00:14:50       3    121     62      -     91     18      0      0      -      -   3615   1531  10417      2      0 
 00:15:20       0    121     67      -     83     18      0      0      -      -   3615   1531  10417      2      0 
 00:15:20       1    147     66      -     86     20      0      0      -      -   3615   1531  10417      2      0 
 00:15:20       2    119     65      -     79     19      0      0      -      -   3615   1531  10417      2      0 
 00:15:20       3    123     62      -     79     19      0      0      -      -   3615   1531  10417      2      0 
 00:15:50       0    143     68      -     94     19      0      0      -      -   3615   1531  10417      2      0 
 00:15:50       1    156     67      -     94     21      0      0      -      -   3615   1531  10417      2      0 
 00:15:50       2    147     66      -     90     20      0      0      -      -   3615   1531  10417      2      0 
 00:15:50       3    127     63      -     90     20      0      0      -      -   3615   1531  10417      2      0 
 00:16:20       0    119     69      -     79     16      0      0      -      -   3615   1531  10417      2      0 
 00:16:20       1    126     68      -     95     18      0      0      -      -   3615   1531  10417      2      0 
 00:16:20       2    137     67      -     90     20      0      0      -      -   3615   1531  10417      2      0 
 00:16:20       3    143     64      -     76     17      0      0      -      -   3615   1531  10417      2      0 
 00:16:50       0    128     70      -     95     18      0      0      -      -   3615   1531  10417      2      0 
 00:16:50       1    143     69      -     95     18      0      0      -      -   3615   1531  10417      2      0 
 00:16:50       2    153     68      -     92     17      0      0      -      -   3615   1531  10417      2      0 
 00:16:50       3    160     65      -     90     19      0      0      -      -   3615   1531  10417      2      0 
 00:17:20       0    130     71      -     94     19      0      0      -      -   3615   1531  10417      2      0 
 00:17:20       1    146     70      -     95     18      0      0      -      -   3615   1531  10417      2      0 
 00:17:20       2    155     69      -     92     16      0      0      -      -   3615   1531  10417      2      0 
 00:17:20       3    129     65      -     91     18      0      0      -      -   3615   1531  10417      2      0 
 00:17:50       0    128     72      -     96     15      0      0      -      -   3615   1531  10417      2      0 
 00:17:50       1    134     71      -     96     16      0      0      -      -   3615   1531  10417      2      0 
 00:17:50       2    134     70      -     93     15      0      0      -      -   3615   1531  10417      2      0 
 00:17:50       3    115     66      -     93     14      0      0      -      -   3615   1531  10417      2      0 
 00:18:20       0    139     72      -     73     12      0      0      -      -   3615   1531  10417      2      0 
 00:18:20       1    133     71      -     83     15      0      0      -      -   3615   1531  10417      2      0 
 00:18:20       2    121     70      -     70     13      0      0      -      -   3615   1531  10417      2      0 
 00:18:20       3    127     66      -     86     16      0      0      -      -   3615   1531  10417      2      0 
 00:18:50       0    142     72      -     95     17      0      0      -      -   3615   1531  10417      2      0 
 00:18:50       1    117     71      -     96     14      0      0      -      -   3615   1531  10417      2      0 
 00:18:50       2    134     70      -     92     17      0      0      -      -   3615   1531  10417      2      0 
 00:18:50       3    139     66      -     94     14      0      0      -      -   3615   1531  10417      2      0 
#Time         gpu    pwr  gtemp  mtemp     sm    mem    enc    dec    jpg    ofa   mclk   pclk     fb   bar1   ccpm 
#HH:MM:SS     Idx      W      C      C      %      %      %      %      %      %    MHz    MHz     MB     MB     MB 
 00:19:20       0    156     72      -     96     15      0      0      -      -   3615   1531  10417      2      0 
 00:19:20       1    142     71      -     95     17      0      0      -      -   3615   1531  10417      2      0 
 00:19:20       2    130     70      -     94     14      0      0      -      -   3615   1531  10417      2      0 
 00:19:20       3    126     66      -     92     17      0      0      -      -   3615   1531  10417      2      0 
 00:19:50       0    138     72      -     96     14      0      0      -      -   3615   1531  10417      2      0 
 00:19:50       1    129     71      -     69      8      0      0      -      -   3615   1531  10417      2      0 
 00:19:50       2    128     70      -     94     14      0      0      -      -   3615   1531  10417      2      0 
 00:19:50       3    126     66      -     67      9      0      0      -      -   3615   1531  10417      2      0 
 00:20:20       0    152     72      -     96     16      0      0      -      -   3615   1531  10417      2      0 
 00:20:20       1    136     71      -     96     16      0      0      -      -   3615   1531  10417      2      0 
 00:20:20       2    133     70      -     93     16      0      0      -      -   3615   1531  10417      2      0 
 00:20:20       3    129     66      -     93     16      0      0      -      -   3615   1531  10417      2      0 
 00:20:50       0    129     72      -     96     16      0      0      -      -   3615   1531  10417      2      0 
 00:20:50       1    117     71      -     96     14      0      0      -      -   3615   1531  10417      2      0 
 00:20:50       2    135     70      -     93     16      0      0      -      -   3615   1531  10417      2      0 
 00:20:50       3    141     66      -     94     14      0      0      -      -   3615   1531  10417      2      0 
 00:21:20       0    117     72      -     96     15      0      0      -      -   3615   1531  10417      2      0 
 00:21:20       1    137     70      -     96     14      0      0      -      -   3615   1531  10417      2      0 
 00:21:20       2    124     70      -     93     15      0      0      -      -   3615   1531  10417      2      0 
 00:21:20       3    121     66      -     93     14      0      0      -      -   3615   1531  10417      2      0 
 00:21:50       0    132     72      -     96     14      0      0      -      -   3615   1531  10417      2      0 
 00:21:50       1    120     71      -     96     15      0      0      -      -   3615   1531  10417      2      0 
 00:21:50       2    131     70      -     93     15      0      0      -      -   3615   1531  10417      2      0 
 00:21:50       3    137     66      -     94     15      0      0      -      -   3615   1531  10417      2      0 
 00:22:20       0    123     71      -     96     14      0      0      -      -   3615   1531  10417      2      0 
 00:22:20       1    131     70      -     96     14      0      0      -      -   3615   1531  10417      2      0 
 00:22:20       2    117     69      -     93     14      0      0      -      -   3615   1531  10417      2      0 
 00:22:20       3    139     66      -     94     15      0      0      -      -   3615   1531  10417      2      0 
 00:22:50       0    179     71      -     97     14      0      0      -      -   3615   1531  10417      2      0 
 00:22:50       1    185     70      -     96     14      0      0      -      -   3615   1531  10417      2      0 
 00:22:50       2    183     69      -     94     13      0      0      -      -   3615   1531  10417      2      0 
 00:22:50       3    175     66      -     94     14      0      0      -      -   3615   1531  10417      2      0 
 00:23:20       0    178     71      -     96     14      0      0      -      -   3615   1531  10417      2      0 
 00:23:20       1    183     70      -     96     14      0      0      -      -   3615   1531  10417      2      0 
 00:23:20       2    183     69      -     93     14      0      0      -      -   3615   1531  10417      2      0 
 00:23:20       3    180     66      -     94     14      0      0      -      -   3615   1531  10417      2      0 
 00:23:50       0    129     72      -     96     14      0      0      -      -   3615   1531  10417      2      0 
 00:23:50       1    125     70      -     97     13      0      0      -      -   3615   1531  10417      2      0 
 00:23:50       2    133     69      -     95     13      0      0      -      -   3615   1531  10417      2      0 
 00:23:50       3    140     66      -     95     13      0      0      -      -   3615   1531  10417      2      0 
 00:24:20       0    179     71      -     96     14      0      0      -      -   3615   1531  10417      2      0 
 00:24:20       1    185     70      -     97     12      0      0      -      -   3615   1531  10417      2      0 
 00:24:20       2    183     69      -     94     14      0      0      -      -   3615   1531  10417      2      0 
 00:24:20       3    181     66      -     95     12      0      0      -      -   3615   1531  10417      2      0 
#Time         gpu    pwr  gtemp  mtemp     sm    mem    enc    dec    jpg    ofa   mclk   pclk     fb   bar1   ccpm 
#HH:MM:SS     Idx      W      C      C      %      %      %      %      %      %    MHz    MHz     MB     MB     MB 
 00:24:50       0    116     69      -     93     22      0      0      -      -   3615   1531  10423      2      0 
 00:24:50       1    129     68      -     93     22      0      0      -      -   3615   1531  10423      2      0 
 00:24:50       2    119     67      -     89     22      0      0      -      -   3615   1531  10423      2      0 
 00:24:50       3    104     63      -     88     22      0      0      -      -   3615   1531  10423      2      0 
 00:25:20       0    140     67      -     94     20      0      0      -      -   3615   1531  10423      2      0 
 00:25:20       1    129     66      -     94     20      0      0      -      -   3615   1531  10423      2      0 
 00:25:20       2    117     65      -     89     21      0      0      -      -   3615   1531  10423      2      0 
 00:25:20       3    124     62      -     90     21      0      0      -      -   3615   1531  10423      2      0 
 00:25:50       0    103     67      -     94     20      0      0      -      -   3615   1531  10423      2      0 
 00:25:50       1    131     66      -     90     18      0      0      -      -   3615   1531  10423      2      0 
 00:25:50       2    131     65      -     77     17      0      0      -      -   3615   1531  10423      2      0 
 00:25:50       3    113     62      -     90     20      0      0      -      -   3615   1531  10423      2      0 
 00:26:20       0    106     68      -     94     19      0      0      -      -   3615   1531  10423      2      0 
 00:26:20       1    132     67      -     95     18      0      0      -      -   3615   1531  10423      2      0 
 00:26:20       2    133     66      -     91     18      0      0      -      -   3615   1531  10423      2      0 
 00:26:20       3    115     63      -     91     19      0      0      -      -   3615   1531  10423      2      0 
 00:26:50       0    127     68      -     94     19      0      0      -      -   3615   1531  10423      2      0 
 00:26:50       1    136     67      -     95     16      0      0      -      -   3615   1531  10423      2      0 
 00:26:50       2    123     66      -     90     19      0      0      -      -   3615   1531  10423      2      0 
 00:26:50       3    113     63      -     92     17      0      0      -      -   3615   1531  10423      2      0 
 00:27:20       0     70     69      -     95     17      0      0      -      -   3615   1531  10423      2      0 
 00:27:20       1     70     68      -     95     19      0      0      -      -   3615   1531  10423      2      0 
 00:27:20       2     73     67      -     91     18      0      0      -      -   3615   1531  10423      2      0 
 00:27:20       3     68     63      -     91     19      0      0      -      -   3615   1531  10423      2      0 
 00:27:50       0    168     69      -     95     18      0      0      -      -   3615   1531  10423      2      0 
 00:27:50       1    158     68      -     96     16      0      0      -      -   3615   1531  10423      2      0 
 00:27:50       2    136     67      -     92     16      0      0      -      -   3615   1531  10423      2      0 
 00:27:50       3    131     64      -     94     15      0      0      -      -   3615   1531  10423      2      0 
 00:28:20       0    109     70      -     95     18      0      0      -      -   3615   1531  10423      2      0 
 00:28:20       1    125     69      -     95     17      0      0      -      -   3615   1531  10423      2      0 
 00:28:20       2    144     68      -     93     16      0      0      -      -   3615   1531  10423      2      0 
 00:28:20       3    122     64      -     91     18      0      0      -      -   3615   1531  10423      2      0 
 00:28:50       0    123     70      -     96     17      0      0      -      -   3615   1531  10423      2      0 
 00:28:50       1    135     69      -     95     17      0      0      -      -   3615   1531  10423      2      0 
 00:28:50       2    131     68      -     93     16      0      0      -      -   3615   1531  10423      2      0 
 00:28:50       3    110     65      -     92     17      0      0      -      -   3615   1531  10423      2      0 
 00:29:20       0    145     71      -     96     17      0      0      -      -   3615   1531  10423      2      0 
 00:29:20       1    132     70      -     96     15      0      0      -      -   3615   1531  10423      2      0 
 00:29:20       2    158     69      -     93     14      0      0      -      -   3615   1531  10423      2      0 
 00:29:20       3    138     65      -     92     16      0      0      -      -   3615   1531  10423      2      0 
 00:29:50       0    171     71      -     93     15      0      0      -      -   3615   1531  10423      2      0 
 00:29:50       1    178     70      -     67     11      0      0      -      -   3615   1531  10423      2      0 
 00:29:50       2    178     69      -     81     13      0      0      -      -   3615   1531  10423      2      0 
 00:29:50       3    174     65      -     64     12      0      0      -      -   3615   1531  10423      2      0 
#Time         gpu    pwr  gtemp  mtemp     sm    mem    enc    dec    jpg    ofa   mclk   pclk     fb   bar1   ccpm 
#HH:MM:SS     Idx      W      C      C      %      %      %      %      %      %    MHz    MHz     MB     MB     MB 
 00:30:20       0    123     71      -     96     15      0      0      -      -   3615   1531  10423      2      0 
 00:30:20       1    126     70      -     96     14      0      0      -      -   3615   1531  10423      2      0 
 00:30:20       2    114     69      -     94     14      0      0      -      -   3615   1531  10423      2      0 
 00:30:20       3    124     66      -     93     16      0      0      -      -   3615   1531  10423      2      0 
 00:30:50       0    178     71      -     96     15      0      0      -      -   3615   1531  10423      2      0 
 00:30:50       1    183     70      -     96     15      0      0      -      -   3615   1531  10423      2      0 
 00:30:50       2    182     70      -     93     15      0      0      -      -   3615   1531  10423      2      0 
 00:30:50       3    179     66      -     93     15      0      0      -      -   3615   1531  10423      2      0 
 00:31:20       0    131     72      -     96     15      0      0      -      -   3615   1531  10423      2      0 
 00:31:20       1    119     71      -     96     15      0      0      -      -   3615   1531  10423      2      0 
 00:31:20       2    116     70      -     93     14      0      0      -      -   3615   1531  10423      2      0 
 00:31:20       3    138     66      -     93     14      0      0      -      -   3615   1531  10423      2      0 
 00:31:50       0    178     71      -     96     14      0      0      -      -   3615   1531  10423      2      0 
 00:31:50       1    184     71      -     96     14      0      0      -      -   3615   1531  10423      2      0 
 00:31:50       2    182     69      -     94     14      0      0      -      -   3615   1531  10423      2      0 
 00:31:50       3    180     66      -     94     14      0      0      -      -   3615   1531  10423      2      0 
 00:32:20       0    161     71      -     97     14      0      0      -      -   3615   1531  10423      2      0 
 00:32:20       1    171     70      -     96     14      0      0      -      -   3615   1531  10423      2      0 
 00:32:20       2    174     69      -     94     14      0      0      -      -   3615   1531  10423      2      0 
 00:32:20       3    173     66      -     94     15      0      0      -      -   3615   1531  10423      2      0 
 00:32:51       0    129     72      -     96     14      0      0      -      -   3615   1531  10423      2      0 
 00:32:51       1    146     71      -     96     14      0      0      -      -   3615   1531  10423      2      0 
 00:32:51       2    153     70      -     94     14      0      0      -      -   3615   1531  10423      2      0 
 00:32:51       3    130     66      -     93     15      0      0      -      -   3615   1531  10423      2      0 
 00:33:21       0    154     72      -     97     13      0      0      -      -   3615   1531  10423      2      0 
 00:33:21       1    142     71      -     97     13      0      0      -      -   3615   1531  10423      2      0 
 00:33:21       2    128     70      -     94     13      0      0      -      -   3615   1531  10423      2      0 
 00:33:21       3    133     66      -     95     13      0      0      -      -   3615   1531  10423      2      0 
 00:33:51       0    178     71      -     70      5      0      0      -      -   3615   1531  10423      2      0 
 00:33:51       1    184     70      -     69     11      0      0      -      -   3615   1531  10423      2      0 
 00:33:51       2    182     69      -     52     11      0      0      -      -   3615   1531  10423      2      0 
 00:33:51       3    180     66      -     77     11      0      0      -      -   3615   1531  10423      2      0 
 00:34:21       0    173     71      -     55      9      0      0      -      -   3615   1531  10423      2      0 
 00:34:21       1    179     70      -     56      7      0      0      -      -   3615   1531  10423      2      0 
 00:34:21       2    179     69      -     52     11      0      0      -      -   3615   1531  10423      2      0 
 00:34:21       3    174     65      -     54      6      0      0      -      -   3615   1531  10423      2      0 
 00:34:51       0    161     71      -     97     12      0      0      -      -   3615   1531  10423      2      0 
 00:34:51       1    167     70      -     97     14      0      0      -      -   3615   1531  10423      2      0 
 00:34:51       2    172     69      -     94     15      0      0      -      -   3615   1531  10423      2      0 
 00:34:51       3    173     66      -     95     12      0      0      -      -   3615   1531  10423      2      0 
 00:35:21       0    183     72      -     97     11      0      0      -      -   3615   1531  10423      2      0 
 00:35:21       1    185     70      -     97     12      0      0      -      -   3615   1531  10423      2      0 
 00:35:21       2    183     69      -     96     12      0      0      -      -   3615   1531  10423      2      0 
 00:35:21       3    180     66      -     93     14      0      0      -      -   3615   1531  10423      2      0 
#Time         gpu    pwr  gtemp  mtemp     sm    mem    enc    dec    jpg    ofa   mclk   pclk     fb   bar1   ccpm 
#HH:MM:SS     Idx      W      C      C      %      %      %      %      %      %    MHz    MHz     MB     MB     MB 
 00:35:51       0    182     71      -     95     14      0      0      -      -   3615   1531  10423      2      0 
 00:35:51       1    185     70      -     97     12      0      0      -      -   3615   1531  10423      2      0 
 00:35:51       2    187     69      -     93     14      0      0      -      -   3615   1531  10423      2      0 
 00:35:51       3    180     66      -     95     12      0      0      -      -   3615   1531  10423      2      0 
 00:36:21       0    118     71      -     98     12      0      0      -      -   3615   1531  10423      2      0 
 00:36:21       1    133     70      -     91     12      0      0      -      -   3615   1531  10423      2      0 
 00:36:21       2    124     68      -     96     11      0      0      -      -   3615   1531  10423      2      0 
 00:36:21       3    109     66      -     88     12      0      0      -      -   3615   1531  10423      2      0 
 00:36:51       0    176     71      -     98     11      0      0      -      -   3615   1531  10423      2      0 
 00:36:51       1    180     70      -     97     14      0      0      -      -   3615   1531  10423      2      0 
 00:36:51       2    182     69      -     95     11      0      0      -      -   3615   1531  10423      2      0 
 00:36:51       3    174     65      -     95     11      0      0      -      -   3615   1531  10423      2      0 
 00:37:21       0    138     71      -     97     12      0      0      -      -   3615   1531  10423      2      0 
 00:37:21       1    118     70      -     81     12      0      0      -      -   3615   1531  10423      2      0 
 00:37:21       2    134     69      -     76     11      0      0      -      -   3615   1531  10423      2      0 
 00:37:21       3    139     66      -     88     12      0      0      -      -   3615   1531  10423      2      0 
 00:37:51       0    139     71      -     96     15      0      0      -      -   3615   1531  10423      2      0 
 00:37:51       1    149     70      -     98     11      0      0      -      -   3615   1531  10423      2      0 
 00:37:51       2    159     69      -     94     15      0      0      -      -   3615   1531  10423      2      0 
 00:37:51       3    163     66      -     96     11      0      0      -      -   3615   1531  10423      2      0 
 00:38:21       0    182     71      -     98     11      0      0      -      -   3615   1531  10423      2      0 
 00:38:21       1    184     70      -     96     14      0      0      -      -   3615   1531  10423      2      0 
 00:38:21       2    183     69      -     95     12      0      0      -      -   3615   1531  10423      2      0 
 00:38:21       3    180     66      -     94     14      0      0      -      -   3615   1531  10423      2      0 
 00:38:51       0    180     71      -     48     10      0      0      -      -   3615   1531  10423      2      0 
 00:38:51       1    184     70      -     48      8      0      0      -      -   3615   1531  10423      2      0 
 00:38:51       2    183     69      -     68     11      0      0      -      -   3615   1531  10423      2      0 
 00:38:51       3    181     65      -     43      7      0      0      -      -   3615   1531  10423      2      0 
 00:39:21       0    141     71      -     98     10      0      0      -      -   3615   1531  10423      2      0 
 00:39:21       1    124     70      -     97     11      0      0      -      -   3615   1531  10423      2      0 
 00:39:21       2    128     69      -     94     14      0      0      -      -   3615   1531  10423      2      0 
 00:39:21       3    130     66      -     95     14      0      0      -      -   3615   1531  10423      2      0 
 00:39:51       0    185     72      -     99      9      0      0      -      -   3615   1531  10423      2      0 
 00:39:51       1    186     70      -     97     14      0      0      -      -   3615   1531  10423      2      0 
 00:39:51       2    185     69      -     97      9      0      0      -      -   3615   1531  10423      2      0 
 00:39:51       3    181     66      -     94     14      0      0      -      -   3615   1531  10423      2      0 
 00:40:21       0    126     71      -     96     14      0      0      -      -   3615   1531  10423      2      0 
 00:40:21       1    127     70      -     98      9      0      0      -      -   3615   1531  10423      2      0 
 00:40:21       2    140     69      -     97      8      0      0      -      -   3615   1531  10423      2      0 
 00:40:21       3    145     65      -     94     12      0      0      -      -   3615   1531  10423      2      0 
 00:40:51       0    124     72      -     98     12      0      0      -      -   3615   1531  10423      2      0 
 00:40:51       1    139     70      -     97     14      0      0      -      -   3615   1531  10423      2      0 
 00:40:51       2    123     69      -     97     10      0      0      -      -   3615   1531  10423      2      0 
 00:40:51       3    109     66      -     94     14      0      0      -      -   3615   1531  10423      2      0 
#Time         gpu    pwr  gtemp  mtemp     sm    mem    enc    dec    jpg    ofa   mclk   pclk     fb   bar1   ccpm 
#HH:MM:SS     Idx      W      C      C      %      %      %      %      %      %    MHz    MHz     MB     MB     MB 
 00:41:21       0    117     72      -     96     15      0      0      -      -   3615   1531  10423      2      0 
 00:41:21       1    142     70      -     98      8      0      0      -      -   3615   1531  10423      2      0 
 00:41:21       2    144     69      -     93     15      0      0      -      -   3615   1531  10423      2      0 
 00:41:21       3    121     66      -     93     14      0      0      -      -   3615   1531  10423      2      0 
 00:41:51       0    124     71      -     97     12      0      0      -      -   3615   1531  10423      2      0 
 00:41:51       1    134     70      -     96     15      0      0      -      -   3615   1531  10423      2      0 
 00:41:51       2    156     69      -     95     12      0      0      -      -   3615   1531  10423      2      0 
 00:41:51       3    157     66      -     94     14      0      0      -      -   3615   1531  10423      2      0 
 00:42:21       0    160     71      -     97     13      0      0      -      -   3615   1531  10423      2      0 
 00:42:21       1    144     70      -     95     15      0      0      -      -   3615   1531  10423      2      0 
 00:42:21       2    129     69      -     96     12      0      0      -      -   3615   1531  10423      2      0 
 00:42:21       3    146     66      -     95     13      0      0      -      -   3615   1531  10423      2      0 
 00:42:51       0    126     71      -     98     10      0      0      -      -   3615   1531  10423      2      0 
 00:42:51       1    130     70      -     96     13      0      0      -      -   3615   1531  10423      2      0 
 00:42:51       2    136     69      -     72     11      0      0      -      -   3615   1531  10423      2      0 
 00:42:51       3    117     65      -     88     12      0      0      -      -   3615   1531  10423      2      0 
 00:43:21       0    135     71      -     96     14      0      0      -      -   3615   1531  10423      2      0 
 00:43:21       1    137     70      -     96     15      0      0      -      -   3615   1531  10423      2      0 
 00:43:21       2    126     69      -     94     14      0      0      -      -   3615   1531  10423      2      0 
 00:43:21       3    126     66      -     98      9      0      0      -      -   3615   1531  10423      2      0 
 00:43:51       0    127     71      -     97     12      0      0      -      -   3615   1531  10423      2      0 
 00:43:51       1    117     69      -     98      9      0      0      -      -   3615   1531  10423      2      0 
 00:43:51       2    139     69      -     98      6      0      0      -      -   3615   1531  10423      2      0 
 00:43:51       3    110     65      -     94     12      0      0      -      -   3615   1531  10423      2      0 
 00:44:21       0    182     71      -     96     15      0      0      -      -   3615   1531  10423      2      0 
 00:44:21       1    184     70      -     96     12      0      0      -      -   3615   1531  10423      2      0 
 00:44:21       2    183     69      -     93     14      0      0      -      -   3615   1531  10423      2      0 
 00:44:21       3    179     66      -     94     11      0      0      -      -   3615   1531  10423      2      0 
 00:44:51       0    117     71      -     96     10      0      0      -      -   3615   1531  10423      2      0 
 00:44:51       1    131     70      -     97     12      0      0      -      -   3615   1531  10423      2      0 
 00:44:51       2    147     69      -     98      9      0      0      -      -   3615   1531  10423      2      0 
 00:44:51       3    149     65      -     97      7      0      0      -      -   3615   1531  10423      2      0 
 00:45:21       0    173     72      -     96     15      0      0      -      -   3615   1531  10423      2      0 
 00:45:21       1    175     70      -     95     14      0      0      -      -   3615   1531  10423      2      0 
 00:45:21       2    176     69      -     92     15      0      0      -      -   3615   1531  10423      2      0 
 00:45:21       3    168     66      -     99      8      0      0      -      -   3615   1531  10423      2      0 
 00:45:51       0    181     71      -     96     14      0      0      -      -   3615   1531  10423      2      0 
 00:45:51       1    185     70      -     96     15      0      0      -      -   3615   1531  10423      2      0 
 00:45:51       2    185     69      -     93     14      0      0      -      -   3615   1531  10423      2      0 
 00:45:51       3    180     65      -     96      9      0      0      -      -   3615   1531  10423      2      0 
 00:46:21       0    185     71      -     96     15      0      0      -      -   3615   1531  10423      2      0 
 00:46:21       1    186     70      -     97     15      0      0      -      -   3615   1531  10423      2      0 
 00:46:21       2    188     69      -     95     13      0      0      -      -   3615   1531  10423      2      0 
 00:46:21       3    181     66      -     94     15      0      0      -      -   3615   1531  10423      2      0 
#Time         gpu    pwr  gtemp  mtemp     sm    mem    enc    dec    jpg    ofa   mclk   pclk     fb   bar1   ccpm 
#HH:MM:SS     Idx      W      C      C      %      %      %      %      %      %    MHz    MHz     MB     MB     MB 
 00:46:51       0    181     71      -     99      6      0      0      -      -   3615   1531  10423      2      0 
 00:46:51       1    184     70      -    100      5      0      0      -      -   3615   1531  10423      2      0 
 00:46:51       2    185     69      -     93     11      0      0      -      -   3615   1531  10423      2      0 
 00:46:51       3    179     66      -     95      9      0      0      -      -   3615   1531  10423      2      0 
 00:47:21       0    116     71      -     93     12      0      0      -      -   3615   1531  10423      2      0 
 00:47:21       1    121     70      -     78     12      0      0      -      -   3615   1531  10423      2      0 
 00:47:21       2    149     69      -     69     11      0      0      -      -   3615   1531  10423      2      0 
 00:47:21       3    129     66      -     88     12      0      0      -      -   3615   1531  10423      2      0 
 00:47:51       0    115     71      -     98      9      0      0      -      -   3615   1531  10423      2      0 
 00:47:51       1    133     70      -     98      7      0      0      -      -   3615   1531  10423      2      0 
 00:47:51       2    119     69      -     96     12      0      0      -      -   3615   1531  10423      2      0 
 00:47:51       3    116     66      -     97      6      0      0      -      -   3615   1531  10423      2      0 
 00:48:21       0    184     71      -     95     15      0      0      -      -   3615   1531  10423      2      0 
 00:48:21       1    189     70      -     97     15      0      0      -      -   3615   1531  10423      2      0 
 00:48:21       2    188     69      -     92     15      0      0      -      -   3615   1531  10423      2      0 
 00:48:21       3    182     66      -     93     14      0      0      -      -   3615   1531  10423      2      0 
 00:48:51       0    156     71      -     97     13      0      0      -      -   3615   1531  10423      2      0 
 00:48:51       1    136     70      -     96     15      0      0      -      -   3615   1531  10423      2      0 
 00:48:51       2    136     69      -     97      9      0      0      -      -   3615   1531  10423      2      0 
 00:48:51       3    151     66      -     94     15      0      0      -      -   3615   1531  10423      2      0 
 00:49:21       0    122     71      -    100      4      0      0      -      -   3615   1531  10423      2      0 
 00:49:21       1    124     70      -     98     10      0      0      -      -   3615   1531  10423      2      0 
 00:49:21       2    133     69      -     96     12      0      0      -      -   3615   1531  10423      2      0 
 00:49:21       3    114     65      -     99      7      0      0      -      -   3615   1531  10423      2      0 
 00:49:51       0    124     71      -     96     14      0      0      -      -   3615   1531  10423      2      0 
 00:49:51       1    110     70      -     98      9      0      0      -      -   3615   1531  10423      2      0 
 00:49:51       2    137     69      -     95     12      0      0      -      -   3615   1531  10423      2      0 
 00:49:51       3    137     66      -     98      8      0      0      -      -   3615   1531  10423      2      0 
 00:50:21       0    182     71      -     96     15      0      0      -      -   3615   1531  10423      2      0 
 00:50:21       1    185     70      -     96      9      0      0      -      -   3615   1531  10423      2      0 
 00:50:21       2    186     69      -     92     13      0      0      -      -   3615   1531  10423      2      0 
 00:50:21       3    180     66      -     92     14      0      0      -      -   3615   1531  10423      2      0 
 00:50:51       0     64     66      -      0      0      0      0      -      -   3615   1531      0      2      0 
 00:50:51       1     65     65      -      0      0      0      0      -      -   3615   1531      0      2      0 
 00:50:51       2     67     65      -      0      0      0      0      -      -   3615   1531      0      2      0 
 00:50:51       3     63     61      -      0      0      0      0      -      -   3615   1531      0      2      0 
 00:51:21       0     58     59      -      0      0      0      0      -      -   3615   1468  16979      2      0 
 00:51:21       1     62     58      -      0      0      0      0      -      -   3615   1531  16979      2      0 
 00:51:21       2     64     57      -      0      0      0      0      -      -   3615   1531  16979      2      0 
 00:51:21       3     61     54      -      0      0      0      0      -      -   3615   1531  16979      2      0 
 00:51:51       0    143     65      -     61     10      0      0      -      -   3615   1531  17059      2      0 
 00:51:51       1    128     64      -     60     11      0      0      -      -   3615   1531  17059      2      0 
 00:51:51       2    115     63      -     62     10      0      0      -      -   3615   1531  17059      2      0 
 00:51:51       3    100     61      -     77     13      0      0      -      -   3615   1531  17059      2      0 
#Time         gpu    pwr  gtemp  mtemp     sm    mem    enc    dec    jpg    ofa   mclk   pclk     fb   bar1   ccpm 
#HH:MM:SS     Idx      W      C      C      %      %      %      %      %      %    MHz    MHz     MB     MB     MB 
 00:52:21       0    136     67      -     96     16      0      0      -      -   3615   1531  17059      2      0 
 00:52:21       1    124     66      -     96     16      0      0      -      -   3615   1531  17059      2      0 
 00:52:21       2    147     65      -     93     16      0      0      -      -   3615   1531  17059      2      0 
 00:52:21       3    155     63      -     93     16      0      0      -      -   3615   1531  17059      2      0 
 00:52:51       0    146     69      -     79     13      0      0      -      -   3615   1531  17059      2      0 
 00:52:51       1    165     68      -     79     12      0      0      -      -   3615   1531  17059      2      0 
 00:52:51       2    175     67      -     76     12      0      0      -      -   3615   1531  17059      2      0 
 00:52:51       3    170     64      -     91     15      0      0      -      -   3615   1531  17059      2      0 
 00:53:21       0    168     70      -     96     15      0      0      -      -   3615   1531  17059      2      0 
 00:53:21       1    171     69      -     96     15      0      0      -      -   3615   1531  17059      2      0 
 00:53:21       2    153     68      -     93     15      0      0      -      -   3615   1531  17059      2      0 
 00:53:21       3    129     65      -     94     15      0      0      -      -   3615   1531  17059      2      0 
 00:53:51       0    152     71      -     96     14      0      0      -      -   3615   1531  17059      2      0 
 00:53:51       1    147     70      -     96     15      0      0      -      -   3615   1531  17059      2      0 
 00:53:51       2    129     69      -     94     15      0      0      -      -   3615   1531  17059      2      0 
 00:53:51       3    157     65      -     94     15      0      0      -      -   3615   1531  17059      2      0 
 00:54:21       0    158     71      -     96     16      0      0      -      -   3615   1531  17059      2      0 
 00:54:21       1    137     70      -     96     17      0      0      -      -   3615   1531  17059      2      0 
 00:54:21       2    152     68      -     92     16      0      0      -      -   3615   1531  17059      2      0 
 00:54:21       3    151     65      -     93     17      0      0      -      -   3615   1531  17059      2      0 
 00:54:51       0    141     71      -     96     15      0      0      -      -   3615   1531  17059      2      0 
 00:54:51       1    148     70      -     96     16      0      0      -      -   3615   1531  17059      2      0 
 00:54:51       2    161     69      -     93     16      0      0      -      -   3615   1531  17059      2      0 
 00:54:51       3    136     65      -     93     16      0      0      -      -   3615   1531  17059      2      0 
 00:55:21       0    171     71      -     96     15      0      0      -      -   3615   1531  17059      2      0 
 00:55:21       1    149     70      -     96     16      0      0      -      -   3615   1531  17059      2      0 
 00:55:21       2    150     69      -     93     15      0      0      -      -   3615   1531  17059      2      0 
 00:55:21       3    143     65      -     93     16      0      0      -      -   3615   1531  17059      2      0 
 00:55:51       0    154     72      -     96     15      0      0      -      -   3615   1531  17059      2      0 
 00:55:51       1    140     70      -     96     15      0      0      -      -   3615   1531  17059      2      0 
 00:55:51       2    134     69      -     93     15      0      0      -      -   3615   1531  17059      2      0 
 00:55:51       3    145     66      -     93     15      0      0      -      -   3615   1531  17059      2      0 
 00:56:21       0    138     72      -     96     15      0      0      -      -   3615   1531  17059      2      0 
 00:56:21       1    160     71      -     96     15      0      0      -      -   3615   1531  17059      2      0 
 00:56:21       2    176     69      -     94     16      0      0      -      -   3615   1531  17059      2      0 
 00:56:21       3    177     66      -     94     15      0      0      -      -   3615   1531  17059      2      0 
 00:56:52       0    173     71      -     75     12      0      0      -      -   3615   1531  17059      2      0 
 00:56:52       1    176     70      -     74     12      0      0      -      -   3615   1531  17059      2      0 
 00:56:52       2    153     69      -     84     13      0      0      -      -   3615   1531  17059      2      0 
 00:56:52       3    133     65      -     72     12      0      0      -      -   3615   1531  17059      2      0 
 00:57:22       0    147     72      -     77     11      0      0      -      -   3615   1531  17059      2      0 
 00:57:22       1    165     70      -     82     11      0      0      -      -   3615   1531  17059      2      0 
 00:57:22       2    178     69      -     73     13      0      0      -      -   3615   1531  17059      2      0 
 00:57:22       3    168     65      -     88     14      0      0      -      -   3615   1531  17059      2      0 
#Time         gpu    pwr  gtemp  mtemp     sm    mem    enc    dec    jpg    ofa   mclk   pclk     fb   bar1   ccpm 
#HH:MM:SS     Idx      W      C      C      %      %      %      %      %      %    MHz    MHz     MB     MB     MB 
 00:57:52       0    162     71      -     97     14      0      0      -      -   3615   1531  17059      2      0 
 00:57:52       1    171     70      -     97     15      0      0      -      -   3615   1531  17059      2      0 
 00:57:52       2    173     69      -     94     15      0      0      -      -   3615   1531  17059      2      0 
 00:57:52       3    170     65      -     94     15      0      0      -      -   3615   1531  17059      2      0 
 00:58:22       0    129     72      -     96     14      0      0      -      -   3615   1531  17059      2      0 
 00:58:22       1    136     70      -     96     14      0      0      -      -   3615   1531  17059      2      0 
 00:58:22       2    158     69      -     94     15      0      0      -      -   3615   1531  17059      2      0 
 00:58:22       3    165     66      -     95     14      0      0      -      -   3615   1531  17059      2      0 
 00:58:52       0    152     71      -     97     14      0      0      -      -   3615   1531  17059      2      0 
 00:58:52       1    144     70      -     97     14      0      0      -      -   3615   1531  17059      2      0 
 00:58:52       2    156     69      -     95     14      0      0      -      -   3615   1531  17059      2      0 
 00:58:52       3    155     65      -     94     14      0      0      -      -   3615   1531  17059      2      0 
 00:59:22       0    132     72      -     97     14      0      0      -      -   3615   1531  17059      2      0 
 00:59:22       1    133     71      -     97     13      0      0      -      -   3615   1531  17059      2      0 
 00:59:22       2    157     69      -     95     14      0      0      -      -   3615   1531  17059      2      0 
 00:59:22       3    164     66      -     95     13      0      0      -      -   3615   1531  17059      2      0 
 00:59:52       0    176     72      -     97     14      0      0      -      -   3615   1531  17059      2      0 
 00:59:52       1    147     70      -     97     13      0      0      -      -   3615   1531  17059      2      0 
 00:59:52       2    147     69      -     95     13      0      0      -      -   3615   1531  17059      2      0 
 00:59:52       3    149     66      -     95     13      0      0      -      -   3615   1531  17059      2      0 
 01:00:22       0    152     71      -     96     15      0      0      -      -   3615   1531  17059      2      0 
 01:00:22       1    143     70      -     96     15      0      0      -      -   3615   1531  17059      2      0 
 01:00:22       2    128     69      -     95     13      0      0      -      -   3615   1531  17059      2      0 
 01:00:22       3    138     66      -     94     15      0      0      -      -   3615   1531  17059      2      0 
 01:00:52       0     68     71      -     70      7      0      0      -      -   3615   1531  17059      2      0 
 01:00:52       1     69     70      -     77      7      0      0      -      -   3615   1531  17059      2      0 
 01:00:52       2    112     69      -     76      9      0      0      -      -   3615   1531  17059      2      0 
 01:00:52       3    134     65      -     75      7      0      0      -      -   3615   1531  17059      2      0 
 01:01:22       0    137     71      -     67     10      0      0      -      -   3615   1531  17059      2      0 
 01:01:22       1    125     70      -     97     13      0      0      -      -   3615   1531  17059      2      0 
 01:01:22       2    150     69      -     85     11      0      0      -      -   3615   1531  17059      2      0 
 01:01:22       3    157     65      -     64      9      0      0      -      -   3615   1531  17059      2      0 
 01:01:52       0    165     71      -     97     13      0      0      -      -   3615   1531  17059      2      0 
 01:01:52       1    156     70      -     97     12      0      0      -      -   3615   1531  17059      2      0 
 01:01:52       2    134     69      -     94     15      0      0      -      -   3615   1531  17059      2      0 
 01:01:52       3    150     66      -     95     14      0      0      -      -   3615   1531  17059      2      0 
 01:02:22       0    144     71      -     97     14      0      0      -      -   3615   1531  17059      2      0 
 01:02:22       1    149     70      -     97     13      0      0      -      -   3615   1531  17059      2      0 
 01:02:22       2    160     69      -     95     13      0      0      -      -   3615   1531  17059      2      0 
 01:02:22       3    134     65      -     94     15      0      0      -      -   3615   1531  17059      2      0 
 01:02:52       0    151     71      -     97     12      0      0      -      -   3615   1531  17059      2      0 
 01:02:52       1    171     70      -     97     13      0      0      -      -   3615   1531  17059      2      0 
 01:02:52       2    181     69      -     94     15      0      0      -      -   3615   1531  17059      2      0 
 01:02:52       3    171     65      -     95     13      0      0      -      -   3615   1531  17059      2      0 
#Time         gpu    pwr  gtemp  mtemp     sm    mem    enc    dec    jpg    ofa   mclk   pclk     fb   bar1   ccpm 
#HH:MM:SS     Idx      W      C      C      %      %      %      %      %      %    MHz    MHz     MB     MB     MB 
 01:03:22       0    155     71      -     96     15      0      0      -      -   3615   1531  17059      2      0 
 01:03:22       1    175     70      -     98     12      0      0      -      -   3615   1531  17059      2      0 
 01:03:22       2    182     69      -     94     14      0      0      -      -   3615   1531  17059      2      0 
 01:03:22       3    160     65      -     95     13      0      0      -      -   3615   1531  17059      2      0 
 01:03:52       0    175     70      -     79      7      0      0      -      -   3615   1531  17059      2      0 
 01:03:52       1    181     69      -     70      7      0      0      -      -   3615   1531  17059      2      0 
 01:03:52       2    179     68      -     69      7      0      0      -      -   3615   1531  17059      2      0 
 01:03:52       3    174     65      -     74      7      0      0      -      -   3615   1531  17059      2      0 
 01:04:22       0    178     71      -     97     11      0      0      -      -   3615   1531  17059      2      0 
 01:04:22       1    184     70      -     97     13      0      0      -      -   3615   1531  17059      2      0 
 01:04:22       2    182     68      -     94     14      0      0      -      -   3615   1531  17059      2      0 
 01:04:22       3    176     65      -     96     11      0      0      -      -   3615   1531  17059      2      0 
 01:04:52       0    174     71      -     98     11      0      0      -      -   3615   1531  17059      2      0 
 01:04:52       1    180     70      -     98     11      0      0      -      -   3615   1531  17059      2      0 
 01:04:52       2    180     68      -     96     11      0      0      -      -   3615   1531  17059      2      0 
 01:04:52       3    175     65      -     94     15      0      0      -      -   3615   1531  17059      2      0 
 01:05:22       0    179     71      -     96     14      0      0      -      -   3615   1531  17059      2      0 
 01:05:22       1    185     70      -     98     11      0      0      -      -   3615   1531  17059      2      0 
 01:05:22       2    183     68      -     96     11      0      0      -      -   3615   1531  17059      2      0 
 01:05:22       3    177     65      -     96     11      0      0      -      -   3615   1531  17059      2      0 
 01:05:52       0     79     71      -     72      7      0      0      -      -   3615   1531  17059      2      0 
 01:05:52       1     78     70      -     68      5      0      0      -      -   3615   1531  17059      2      0 
 01:05:52       2     78     68      -     87      8      0      0      -      -   3615   1531  17059      2      0 
 01:05:52       3     70     65      -     67      5      0      0      -      -   3615   1531  17059      2      0 
 01:06:22       0    177     72      -     97     12      0      0      -      -   3615   1531  17059      2      0 
 01:06:22       1    155     70      -     98     11      0      0      -      -   3615   1531  17059      2      0 
 01:06:22       2    147     69      -     96     10      0      0      -      -   3615   1531  17059      2      0 
 01:06:22       3    146     66      -     95     10      0      0      -      -   3615   1531  17059      2      0 
 01:06:52       0    180     71      -     98     11      0      0      -      -   3615   1531  17059      2      0 
 01:06:52       1    185     70      -     98     10      0      0      -      -   3615   1531  17059      2      0 
 01:06:52       2    179     69      -     95     14      0      0      -      -   3615   1531  17059      2      0 
 01:06:52       3    173     66      -     96     11      0      0      -      -   3615   1531  17059      2      0 
 01:07:22       0    180     71      -     71     11      0      0      -      -   3615   1531  17059      2      0 
 01:07:22       1    183     70      -     55      7      0      0      -      -   3615   1531  17059      2      0 
 01:07:22       2    182     69      -     86     12      0      0      -      -   3615   1531  17059      2      0 
 01:07:22       3    179     65      -     52      7      0      0      -      -   3615   1531  17059      2      0 
 01:07:52       0    139     72      -     98     10      0      0      -      -   3615   1531  17065      2      0 
 01:07:52       1    153     70      -     98     12      0      0      -      -   3615   1531  17065      2      0 
 01:07:52       2    155     69      -     96     11      0      0      -      -   3615   1531  17065      2      0 
 01:07:52       3    156     66      -     95     13      0      0      -      -   3615   1531  17065      2      0 
 01:08:22       0    153     69      -     77     13      0      0      -      -   3615   1531  17065      2      0 
 01:08:22       1    137     68      -     71     13      0      0      -      -   3615   1531  17065      2      0 
 01:08:22       2    122     67      -     73     13      0      0      -      -   3615   1531  17065      2      0 
 01:08:22       3     97     64      -     73     13      0      0      -      -   3615   1531  17065      2      0 
#Time         gpu    pwr  gtemp  mtemp     sm    mem    enc    dec    jpg    ofa   mclk   pclk     fb   bar1   ccpm 
#HH:MM:SS     Idx      W      C      C      %      %      %      %      %      %    MHz    MHz     MB     MB     MB 
 01:08:52       0    124     69      -     96     16      0      0      -      -   3615   1531  17065      2      0 
 01:08:52       1    148     68      -     96     16      0      0      -      -   3615   1531  17065      2      0 
 01:08:52       2    163     67      -     93     16      0      0      -      -   3615   1531  17065      2      0 
 01:08:52       3    169     64      -     93     16      0      0      -      -   3615   1531  17065      2      0 
 01:09:22       0    143     69      -     96     15      0      0      -      -   3615   1531  17065      2      0 
 01:09:22       1    144     68      -     96     16      0      0      -      -   3615   1531  17065      2      0 
 01:09:22       2    153     67      -     93     16      0      0      -      -   3615   1531  17065      2      0 
 01:09:22       3    154     63      -     94     15      0      0      -      -   3615   1531  17065      2      0 
 01:09:52       0    172     69      -     96     15      0      0      -      -   3615   1531  17065      2      0 
 01:09:52       1    181     68      -     96     15      0      0      -      -   3615   1531  17065      2      0 
 01:09:52       2    139     66      -     94     16      0      0      -      -   3615   1531  17065      2      0 
 01:09:52       3    144     63      -     94     15      0      0      -      -   3615   1531  17065      2      0 
 01:10:22       0    167     69      -     96     15      0      0      -      -   3615   1531  17065      2      0 
 01:10:22       1    182     68      -     96     16      0      0      -      -   3615   1531  17065      2      0 
 01:10:22       2    157     67      -     93     15      0      0      -      -   3615   1531  17065      2      0 
 01:10:22       3    132     63      -     94     15      0      0      -      -   3615   1531  17065      2      0 
 01:10:52       0    134     69      -     96     15      0      0      -      -   3615   1531  17065      2      0 
 01:10:52       1    157     68      -     96     15      0      0      -      -   3615   1531  17065      2      0 
 01:10:52       2    171     67      -     93     15      0      0      -      -   3615   1531  17065      2      0 
 01:10:52       3    177     64      -     94     15      0      0      -      -   3615   1531  17065      2      0 
 01:11:22       0    157     69      -     96     15      0      0      -      -   3615   1531  17065      2      0 
 01:11:22       1    171     68      -     96     15      0      0      -      -   3615   1531  17065      2      0 
 01:11:22       2    180     67      -     94     15      0      0      -      -   3615   1531  17065      2      0 
 01:11:22       3    149     64      -     94     15      0      0      -      -   3615   1531  17065      2      0 
 01:11:52       0     70     69      -     71      9      0      0      -      -   3615   1531  17065      2      0 
 01:11:52       1     71     68      -     67      9      0      0      -      -   3615   1531  17065      2      0 
 01:11:52       2     78     66      -     82     10      0      0      -      -   3615   1531  17065      2      0 
 01:11:52       3     98     64      -     67      9      0      0      -      -   3615   1531  17065      2      0 
 01:12:22       0    164     69      -     96     14      0      0      -      -   3615   1531  17065      2      0 
 01:12:22       1    142     68      -     96     14      0      0      -      -   3615   1531  17065      2      0 
 01:12:22       2    148     67      -     94     14      0      0      -      -   3615   1531  17065      2      0 
 01:12:22       3    153     64      -     94     14      0      0      -      -   3615   1531  17065      2      0 
 01:12:52       0    158     69      -     97     14      0      0      -      -   3615   1531  17065      2      0 
 01:12:52       1    167     68      -     97     14      0      0      -      -   3615   1531  17065      2      0 
 01:12:52       2    170     67      -     94     14      0      0      -      -   3615   1531  17065      2      0 
 01:12:52       3    168     64      -     94     14      0      0      -      -   3615   1531  17065      2      0 
 01:13:22       0    144     69      -     97     14      0      0      -      -   3615   1531  17065      2      0 
 01:13:22       1    160     68      -     97     14      0      0      -      -   3615   1531  17065      2      0 
 01:13:22       2    176     67      -     82     12      0      0      -      -   3615   1531  17065      2      0 
 01:13:22       3    168     64      -     94     13      0      0      -      -   3615   1531  17065      2      0 
 01:13:52       0    171     70      -     97     13      0      0      -      -   3615   1531  17065      2      0 
 01:13:52       1    179     69      -     97     14      0      0      -      -   3615   1531  17065      2      0 
 01:13:52       2    178     67      -     94     15      0      0      -      -   3615   1531  17065      2      0 
 01:13:52       3    175     64      -     95     14      0      0      -      -   3615   1531  17065      2      0 
#Time         gpu    pwr  gtemp  mtemp     sm    mem    enc    dec    jpg    ofa   mclk   pclk     fb   bar1   ccpm 
#HH:MM:SS     Idx      W      C      C      %      %      %      %      %      %    MHz    MHz     MB     MB     MB 
 01:14:22       0    179     70      -     97     14      0      0      -      -   3615   1531  17065      2      0 
 01:14:22       1    181     69      -     96     13      0      0      -      -   3615   1531  17065      2      0 
 01:14:22       2    175     67      -     95     13      0      0      -      -   3615   1531  17065      2      0 
 01:14:22       3    167     65      -     95     14      0      0      -      -   3615   1531  17065      2      0 
 01:14:52       0    155     70      -     97     13      0      0      -      -   3615   1531  17065      2      0 
 01:14:52       1    137     69      -     96     15      0      0      -      -   3615   1531  17065      2      0 
 01:14:52       2    152     68      -     95     12      0      0      -      -   3615   1531  17065      2      0 
 01:14:52       3    148     64      -     95     13      0      0      -      -   3615   1531  17065      2      0 
 01:15:22       0    178     70      -     97     13      0      0      -      -   3615   1531  17065      2      0 
 01:15:22       1    150     69      -     97     14      0      0      -      -   3615   1531  17065      2      0 
 01:15:22       2    146     68      -     95     13      0      0      -      -   3615   1531  17065      2      0 
 01:15:22       3    145     65      -     94     14      0      0      -      -   3615   1531  17065      2      0 
 01:15:52       0    176     69      -     74      8      0      0      -      -   3615   1531  17065      2      0 
 01:15:52       1    182     68      -     74      7      0      0      -      -   3615   1531  17065      2      0 
 01:15:52       2    180     67      -     72      7      0      0      -      -   3615   1531  17065      2      0 
 01:15:52       3    176     64      -     69      7      0      0      -      -   3615   1531  17065      2      0 
 01:16:22       0    151     70      -     97     13      0      0      -      -   3615   1531  17065      2      0 
 01:16:22       1    124     69      -     97     12      0      0      -      -   3615   1531  17065      2      0 
 01:16:22       2    148     68      -     95     12      0      0      -      -   3615   1531  17065      2      0 
 01:16:22       3    156     65      -     96     12      0      0      -      -   3615   1531  17065      2      0 
 01:16:52       0    142     70      -     97     12      0      0      -      -   3615   1531  17065      2      0 
 01:16:52       1    151     69      -     97     13      0      0      -      -   3615   1531  17065      2      0 
 01:16:52       2    153     68      -     95     12      0      0      -      -   3615   1531  17065      2      0 
 01:16:52       3    153     65      -     95     12      0      0      -      -   3615   1531  17065      2      0 
 01:17:22       0    177     70      -     96     14      0      0      -      -   3615   1531  17065      2      0 
 01:17:22       1    182     70      -     97     12      0      0      -      -   3615   1531  17065      2      0 
 01:17:22       2    181     68      -     94     15      0      0      -      -   3615   1531  17065      2      0 
 01:17:22       3    176     65      -     95     12      0      0      -      -   3615   1531  17065      2      0 
 01:17:52       0     66     70      -     97     12      0      0      -      -   3615   1531  17065      2      0 
 01:17:52       1     68     69      -     90     11      0      0      -      -   3615   1531  17065      2      0 
 01:17:52       2     72     68      -     60      5      0      0      -      -   3615   1531  17065      2      0 
 01:17:52       3     83     65      -     75      8      0      0      -      -   3615   1531  17065      2      0 
 01:18:22       0    173     70      -     98     12      0      0      -      -   3615   1531  17065      2      0 
 01:18:22       1    179     70      -     97     12      0      0      -      -   3615   1531  17065      2      0 
 01:18:22       2    180     68      -     96     11      0      0      -      -   3615   1531  17065      2      0 
 01:18:22       3    174     65      -     96     12      0      0      -      -   3615   1531  17065      2      0 
 01:18:52       0    135     71      -     98     11      0      0      -      -   3615   1531  17065      2      0 
 01:18:52       1    152     70      -     96     15      0      0      -      -   3615   1531  17065      2      0 
 01:18:52       2    169     69      -     96     11      0      0      -      -   3615   1531  17065      2      0 
 01:18:52       3    172     65      -     95     13      0      0      -      -   3615   1531  17065      2      0 
 01:19:22       0    178     70      -     96     15      0      0      -      -   3615   1531  17065      2      0 
 01:19:22       1    183     69      -     96     14      0      0      -      -   3615   1531  17065      2      0 
 01:19:22       2    182     68      -     95     13      0      0      -      -   3615   1531  17065      2      0 
 01:19:22       3    178     65      -     94     15      0      0      -      -   3615   1531  17065      2      0 
#Time         gpu    pwr  gtemp  mtemp     sm    mem    enc    dec    jpg    ofa   mclk   pclk     fb   bar1   ccpm 
#HH:MM:SS     Idx      W      C      C      %      %      %      %      %      %    MHz    MHz     MB     MB     MB 
 01:19:52       0    182     71      -     97     12      0      0      -      -   3615   1531  17065      2      0 
 01:19:52       1    187     70      -     96     15      0      0      -      -   3615   1531  17065      2      0 
 01:19:52       2    183     68      -     95     13      0      0      -      -   3615   1531  17065      2      0 
 01:19:52       3    174     65      -     95     13      0      0      -      -   3615   1531  17065      2      0 
 01:20:22       0    150     71      -     97     10      0      0      -      -   3615   1531  17065      2      0 
 01:20:22       1    161     69      -     98     11      0      0      -      -   3615   1531  17065      2      0 
 01:20:22       2    168     68      -     96     10      0      0      -      -   3615   1531  17065      2      0 
 01:20:22       3    165     65      -     96     10      0      0      -      -   3615   1531  17065      2      0 
 01:20:52       0    154     71      -     96     14      0      0      -      -   3615   1531  17065      2      0 
 01:20:52       1    164     69      -     98     10      0      0      -      -   3615   1531  17065      2      0 
 01:20:52       2    168     68      -     97     10      0      0      -      -   3615   1531  17065      2      0 
 01:20:52       3    165     65      -     97     11      0      0      -      -   3615   1531  17065      2      0 
 01:21:22       0    148     70      -     98     10      0      0      -      -   3615   1531  17065      2      0 
 01:21:22       1    169     70      -     98     10      0      0      -      -   3615   1531  17065      2      0 
 01:21:22       2    180     68      -     94     14      0      0      -      -   3615   1531  17065      2      0 
 01:21:22       3    162     65      -     96     10      0      0      -      -   3615   1531  17065      2      0 
 01:21:53       0    167     70      -     62      6      0      0      -      -   3615   1531  17065      2      0 
 01:21:53       1    163     69      -     77      6      0      0      -      -   3615   1531  17065      2      0 
 01:21:53       2    121     68      -     61      5      0      0      -      -   3615   1531  17065      2      0 
 01:21:53       3    103     65      -     88      8      0      0      -      -   3615   1531  17065      2      0 
 01:22:23       0    180     71      -     97     15      0      0      -      -   3615   1531  17065      2      0 
 01:22:23       1    157     70      -     98     12      0      0      -      -   3615   1531  17065      2      0 
 01:22:23       2    141     68      -     97     10      0      0      -      -   3615   1531  17065      2      0 
 01:22:23       3    147     65      -     97     10      0      0      -      -   3615   1531  17065      2      0 
 01:22:53       0    150     71      -     97     13      0      0      -      -   3615   1531  17065      2      0 
 01:22:53       1    169     70      -     98     10      0      0      -      -   3615   1531  17065      2      0 
 01:22:53       2    183     68      -     96     10      0      0      -      -   3615   1531  17065      2      0 
 01:22:53       3    162     65      -     96     12      0      0      -      -   3615   1531  17065      2      0 
 01:23:23       0    161     71      -     96     15      0      0      -      -   3615   1531  17065      2      0 
 01:23:23       1    164     70      -     98     11      0      0      -      -   3615   1531  17065      2      0 
 01:23:23       2    143     68      -     94     13      0      0      -      -   3615   1531  17065      2      0 
 01:23:23       3    130     65      -     97     10      0      0      -      -   3615   1531  17065      2      0 
 01:23:53       0    179     71      -     98     10      0      0      -      -   3615   1531  17065      2      0 
 01:23:53       1    157     70      -     98     12      0      0      -      -   3615   1531  17065      2      0 
 01:23:53       2    142     68      -     97      9      0      0      -      -   3615   1531  17065      2      0 
 01:23:53       3    142     65      -     96     12      0      0      -      -   3615   1531  17065      2      0 
 01:24:23       0    184     71      -     98     10      0      0      -      -   3615   1531  17065      2      0 
 01:24:23       1    184     70      -     97     14      0      0      -      -   3615   1531  17065      2      0 
 01:24:23       2    176     69      -     96     12      0      0      -      -   3615   1531  17065      2      0 
 01:24:23       3    173     65      -     94     14      0      0      -      -   3615   1531  17065      2      0 
 01:24:53       0    160     71      -     98     12      0      0      -      -   3615   1531  17065      2      0 
 01:24:53       1    175     70      -     98     10      0      0      -      -   3615   1531  17065      2      0 
 01:24:53       2    181     68      -     98     10      0      0      -      -   3615   1531  17065      2      0 
 01:24:53       3    150     65      -     96     10      0      0      -      -   3615   1531  17065      2      0 
#Time         gpu    pwr  gtemp  mtemp     sm    mem    enc    dec    jpg    ofa   mclk   pclk     fb   bar1   ccpm 
#HH:MM:SS     Idx      W      C      C      %      %      %      %      %      %    MHz    MHz     MB     MB     MB 
 01:25:23       0    161     71      -     97     12      0      0      -      -   3615   1531  17065      2      0 
 01:25:23       1    170     70      -     96     15      0      0      -      -   3615   1531  17065      2      0 
 01:25:23       2    174     68      -     94     15      0      0      -      -   3615   1531  17065      2      0 
 01:25:23       3    170     65      -     94     15      0      0      -      -   3615   1531  17065      2      0 
 01:25:53       0    176     71      -     98      9      0      0      -      -   3615   1531  17065      2      0 
 01:25:53       1    175     70      -     98      8      0      0      -      -   3615   1531  17065      2      0 
 01:25:53       2    148     68      -     95     11      0      0      -      -   3615   1531  17065      2      0 
 01:25:53       3    138     65      -     97      8      0      0      -      -   3615   1531  17065      2      0 
 01:26:23       0    125     71      -     97     13      0      0      -      -   3615   1531  17065      2      0 
 01:26:23       1    142     70      -     98     11      0      0      -      -   3615   1531  17065      2      0 
 01:26:23       2    160     69      -     96     11      0      0      -      -   3615   1531  17065      2      0 
 01:26:23       3    168     66      -     96     10      0      0      -      -   3615   1531  17065      2      0 
 01:26:53       0    170     72      -     96     14      0      0      -      -   3615   1531  17065      2      0 
 01:26:53       1    182     70      -     97     13      0      0      -      -   3615   1531  17065      2      0 
 01:26:53       2    172     69      -     96     13      0      0      -      -   3615   1531  17065      2      0 
 01:26:53       3    140     66      -     98      8      0      0      -      -   3615   1531  17065      2      0 
 01:27:23       0    145     71      -     98     10      0      0      -      -   3615   1531  17065      2      0 
 01:27:23       1    153     69      -     98     12      0      0      -      -   3615   1531  17065      2      0 
 01:27:23       2    146     68      -     95     12      0      0      -      -   3615   1531  17065      2      0 
 01:27:23       3    124     65      -     96     11      0      0      -      -   3615   1531  17065      2      0 
 01:27:53       0    129     71      -     97     13      0      0      -      -   3615   1531  17065      2      0 
 01:27:53       1    141     70      -     98     11      0      0      -      -   3615   1531  17065      2      0 
 01:27:53       2    165     69      -     93     15      0      0      -      -   3615   1531  17065      2      0 
 01:27:53       3    176     65      -     98      8      0      0      -      -   3615   1531  17065      2      0 
 01:28:23       0    164     71      -     99      9      0      0      -      -   3615   1531  17065      2      0 
 01:28:23       1    176     70      -     99      9      0      0      -      -   3615   1531  17065      2      0 
 01:28:23       2    159     68      -     98      8      0      0      -      -   3615   1531  17065      2      0 
 01:28:23       3    133     65      -     96     12      0      0      -      -   3615   1531  17065      2      0 
 01:28:53       0    142     71      -     98      9      0      0      -      -   3615   1531  17065      2      0 
 01:28:53       1    129     70      -     97     13      0      0      -      -   3615   1531  17065      2      0 
 01:28:53       2    154     69      -     95     13      0      0      -      -   3615   1531  17065      2      0 
 01:28:53       3    163     66      -     94     15      0      0      -      -   3615   1531  17065      2      0 
 01:29:23       0    170     71      -     97     14      0      0      -      -   3615   1531  17065      2      0 
 01:29:23       1    175     70      -     98     10      0      0      -      -   3615   1531  17065      2      0 
 01:29:23       2    178     68      -     94     15      0      0      -      -   3615   1531  17065      2      0 
 01:29:23       3    175     65      -     95     12      0      0      -      -   3615   1531  17065      2      0 
 01:29:53       0    181     70      -     77      9      0      0      -      -   3615   1531  17065      2      0 
 01:29:53       1    184     69      -     76     12      0      0      -      -   3615   1531  17065      2      0 
 01:29:53       2    182     68      -     79     14      0      0      -      -   3615   1531  17065      2      0 
 01:29:53       3    177     65      -     84     15      0      0      -      -   3615   1531  17065      2      0 
 01:30:23       0    161     71      -     99      7      0      0      -      -   3615   1531  17065      2      0 
 01:30:23       1    168     70      -     97     15      0      0      -      -   3615   1531  17065      2      0 
 01:30:23       2    174     68      -     97      9      0      0      -      -   3615   1531  17065      2      0 
 01:30:23       3    168     65      -     99      7      0      0      -      -   3615   1531  17065      2      0 
#Time         gpu    pwr  gtemp  mtemp     sm    mem    enc    dec    jpg    ofa   mclk   pclk     fb   bar1   ccpm 
#HH:MM:SS     Idx      W      C      C      %      %      %      %      %      %    MHz    MHz     MB     MB     MB 
 01:30:53       0    177     71      -     99      8      0      0      -      -   3615   1531  17065      2      0 
 01:30:53       1    172     70      -     96     15      0      0      -      -   3615   1531  17065      2      0 
 01:30:53       2    148     68      -     99      7      0      0      -      -   3615   1531  17065      2      0 
 01:30:53       3    146     65      -     94     15      0      0      -      -   3615   1531  17065      2      0 
 01:31:23       0    167     71      -     98     10      0      0      -      -   3615   1531  17065      2      0 
 01:31:23       1    165     70      -     97     13      0      0      -      -   3615   1531  17065      2      0 
 01:31:23       2    166     69      -     99      7      0      0      -      -   3615   1531  17065      2      0 
 01:31:23       3    159     65      -     96     10      0      0      -      -   3615   1531  17065      2      0 
 01:31:53       0    183     71      -     96     13      0      0      -      -   3615   1531  17065      2      0 
 01:31:53       1    186     70      -     97     15      0      0      -      -   3615   1531  17065      2      0 
 01:31:53       2    184     68      -     93     15      0      0      -      -   3615   1531  17065      2      0 
 01:31:53       3    180     65      -     94     14      0      0      -      -   3615   1531  17065      2      0 
 01:32:23       0    176     71      -     99      9      0      0      -      -   3615   1531  17065      2      0 
 01:32:23       1    176     70      -     97     12      0      0      -      -   3615   1531  17065      2      0 
 01:32:23       2    171     69      -     95     13      0      0      -      -   3615   1531  17065      2      0 
 01:32:23       3    164     66      -     92     15      0      0      -      -   3615   1531  17065      2      0 
 01:32:53       0    126     71      -     99      7      0      0      -      -   3615   1531  17065      2      0 
 01:32:53       1    163     70      -     97     15      0      0      -      -   3615   1531  17065      2      0 
 01:32:53       2    176     69      -     99      7      0      0      -      -   3615   1531  17065      2      0 
 01:32:53       3    180     66      -     98      8      0      0      -      -   3615   1531  17065      2      0 
 01:33:23       0    144     71      -     98      7      0      0      -      -   3615   1531  17065      2      0 
 01:33:23       1    153     70      -     98     10      0      0      -      -   3615   1531  17065      2      0 
 01:33:23       2    155     69      -     98      8      0      0      -      -   3615   1531  17065      2      0 
 01:33:23       3    157     65      -     95     11      0      0      -      -   3615   1531  17065      2      0 
 01:33:53       0    180     71      -     96     15      0      0      -      -   3615   1531  17065      2      0 
 01:33:53       1    186     70      -     97     13      0      0      -      -   3615   1531  17065      2      0 
 01:33:53       2    184     69      -     95     14      0      0      -      -   3615   1531  17065      2      0 
 01:33:53       3    179     66      -     95     13      0      0      -      -   3615   1531  17065      2      0 
 01:34:23       0    180     71      -     98     10      0      0      -      -   3615   1531  17065      2      0 
 01:34:23       1    186     70      -     98     12      0      0      -      -   3615   1531  17065      2      0 
 01:34:23       2    184     69      -     94     15      0      0      -      -   3615   1531  17065      2      0 
 01:34:23       3    178     66      -     95     12      0      0      -      -   3615   1531  17065      2      0 
 01:34:53       0    180     71      -     60      4      0      0      -      -   3615   1531  17065      2      0 
 01:34:53       1    186     69      -     63      4      0      0      -      -   3615   1531  17065      2      0 
 01:34:53       2    184     68      -     41      4      0      0      -      -   3615   1531  17065      2      0 
 01:34:53       3    180     65      -     70      5      0      0      -      -   3615   1531  17065      2      0 
 01:35:23       0    145     71      -     99      8      0      0      -      -   3615   1531  17065      2      0 
 01:35:23       1    128     70      -     99      9      0      0      -      -   3615   1531  17065      2      0 
 01:35:23       2    151     69      -     96     11      0      0      -      -   3615   1531  17065      2      0 
 01:35:23       3    163     66      -     97     11      0      0      -      -   3615   1531  17065      2      0 
 01:35:53       0    160     72      -     99      9      0      0      -      -   3615   1531  17065      2      0 
 01:35:53       1    166     70      -     97     15      0      0      -      -   3615   1531  17065      2      0 
 01:35:53       2    141     69      -     99      7      0      0      -      -   3615   1531  17065      2      0 
 01:35:53       3    129     66      -     94     14      0      0      -      -   3615   1531  17065      2      0 
#Time         gpu    pwr  gtemp  mtemp     sm    mem    enc    dec    jpg    ofa   mclk   pclk     fb   bar1   ccpm 
#HH:MM:SS     Idx      W      C      C      %      %      %      %      %      %    MHz    MHz     MB     MB     MB 
 01:36:23       0    180     72      -     95     15      0      0      -      -   3615   1531  17065      2      0 
 01:36:23       1    178     70      -     97     15      0      0      -      -   3615   1531  17065      2      0 
 01:36:23       2    177     69      -     94     15      0      0      -      -   3615   1531  17065      2      0 
 01:36:23       3    170     66      -     92     15      0      0      -      -   3615   1531  17065      2      0 
 01:36:53       0    150     71      -    100      4      0      0      -      -   3615   1531  17065      2      0 
 01:36:53       1    170     70      -    100      7      0      0      -      -   3615   1531  17065      2      0 
 01:36:53       2    183     69      -     97     10      0      0      -      -   3615   1531  17065      2      0 
 01:36:53       3    167     66      -     99      7      0      0      -      -   3615   1531  17065      2      0 
 01:37:23       0    151     71      -     99      5      0      0      -      -   3615   1531  17065      2      0 
 01:37:23       1    151     70      -    100      6      0      0      -      -   3615   1531  17065      2      0 
 01:37:23       2    130     68      -     97      7      0      0      -      -   3615   1531  17065      2      0 
 01:37:23       3    140     65      -     98      8      0      0      -      -   3615   1531  17065      2      0 
 01:37:53       0    163     71      -     99      7      0      0      -      -   3615   1531  17065      2      0 
 01:37:53       1    173     70      -     99      7      0      0      -      -   3615   1531  17065      2      0 
 01:37:53       2    175     69      -     94     15      0      0      -      -   3615   1531  17065      2      0 
 01:37:53       3    171     66      -     98      8      0      0      -      -   3615   1531  17065      2      0 
 01:38:23       0    180     71      -     96     12      0      0      -      -   3615   1531  17065      2      0 
 01:38:23       1    186     70      -     98      9      0      0      -      -   3615   1531  17065      2      0 
 01:38:23       2    187     69      -     92     14      0      0      -      -   3615   1531  17065      2      0 
 01:38:23       3    180     66      -     96     12      0      0      -      -   3615   1531  17065      2      0 
 01:38:53       0    168     72      -     99      7      0      0      -      -   3615   1531  17065      2      0 
 01:38:53       1    183     70      -     99      8      0      0      -      -   3615   1531  17065      2      0 
 01:38:53       2    163     69      -     99      7      0      0      -      -   3615   1531  17065      2      0 
 01:38:53       3    143     66      -     97      9      0      0      -      -   3615   1531  17065      2      0 
 01:39:23       0    173     71      -    100      5      0      0      -      -   3615   1531  17065      2      0 
 01:39:23       1    177     70      -     98     11      0      0      -      -   3615   1531  17065      2      0 
 01:39:23       2    150     69      -     99      5      0      0      -      -   3615   1531  17065      2      0 
 01:39:23       3    145     66      -     98      9      0      0      -      -   3615   1531  17065      2      0 
 01:39:53       0    183     72      -     96     14      0      0      -      -   3615   1531  17065      2      0 
 01:39:53       1    186     70      -     97     15      0      0      -      -   3615   1531  17065      2      0 
 01:39:53       2    184     69      -     95     14      0      0      -      -   3615   1531  17065      2      0 
 01:39:53       3    178     66      -     94     14      0      0      -      -   3615   1531  17065      2      0 
 01:40:23       0    128     71      -    100      6      0      0      -      -   3615   1531  17065      2      0 
 01:40:23       1    137     70      -     98     11      0      0      -      -   3615   1531  17065      2      0 
 01:40:23       2    159     69      -     99      6      0      0      -      -   3615   1531  17065      2      0 
 01:40:23       3    166     66      -     99      7      0      0      -      -   3615   1531  17065      2      0 
 01:40:53       0    150     71      -     98     12      0      0      -      -   3615   1531  17065      2      0 
 01:40:53       1    170     70      -     97     12      0      0      -      -   3615   1531  17065      2      0 
 01:40:53       2    184     68      -     95     12      0      0      -      -   3615   1531  17065      2      0 
 01:40:53       3    157     65      -    100      7      0      0      -      -   3615   1531  17065      2      0 
 01:41:23       0    154     72      -    100      5      0      0      -      -   3615   1531  17065      2      0 
 01:41:23       1    140     70      -     99      8      0      0      -      -   3615   1531  17065      2      0 
 01:41:23       2    156     69      -     97      9      0      0      -      -   3615   1531  17065      2      0 
 01:41:23       3    151     66      -    100      5      0      0      -      -   3615   1531  17065      2      0 
#Time         gpu    pwr  gtemp  mtemp     sm    mem    enc    dec    jpg    ofa   mclk   pclk     fb   bar1   ccpm 
#HH:MM:SS     Idx      W      C      C      %      %      %      %      %      %    MHz    MHz     MB     MB     MB 
 01:41:53       0    155     71      -     98     10      0      0      -      -   3615   1531  17065      2      0 
 01:41:53       1    139     70      -     99      9      0      0      -      -   3615   1531  17065      2      0 
 01:41:53       2    150     69      -     98      8      0      0      -      -   3615   1531  17065      2      0 
 01:41:53       3    154     66      -     98      9      0      0      -      -   3615   1531  17065      2      0 
 01:42:23       0    184     72      -     99      9      0      0      -      -   3615   1531  17065      2      0 
 01:42:23       1    187     70      -     99      9      0      0      -      -   3615   1531  17065      2      0 
 01:42:23       2    186     69      -     96     13      0      0      -      -   3615   1531  17065      2      0 
 01:42:23       3    177     66      -     94     14      0      0      -      -   3615   1531  17065      2      0 
 01:42:53       0    161     69      -     86     42      0      0      -      -   3615   1531  17065      2      0 
 01:42:53       1    161     68      -     87     42      0      0      -      -   3615   1531  17065      2      0 
 01:42:53       2    161     67      -     87     41      0      0      -      -   3615   1531  17065      2      0 
 01:42:53       3    161     64      -     86     42      0      0      -      -   3615   1531  17065      2      0 
 01:43:23       0     54     61      -     12      0      0      0      -      -   3615   1303  12651      2      0 
 01:43:23       1     56     59      -     12      0      0      0      -      -   3615   1303  12651      2      0 
 01:43:23       2     61     59      -     14      0      0      0      -      -   3615   1442  12651      2      0 
 01:43:23       3     60     56      -     14      0      0      0      -      -   3615   1506  12651      2      0 
 01:43:53       0    151     64      -     94     16      0      0      -      -   3615   1531  16283      2      0 
 01:43:53       1    123     63      -     95     17      0      0      -      -   3615   1531  16283      2      0 
 01:43:53       2    137     62      -     96     16      0      0      -      -   3615   1531  16283      2      0 
 01:43:53       3    148     60      -     97     16      0      0      -      -   3615   1531  16283      2      0 
 01:44:23       0    152     66      -     95     16      0      0      -      -   3615   1531  16283      2      0 
 01:44:23       1    170     65      -     95     16      0      0      -      -   3615   1531  16283      2      0 
 01:44:23       2    179     64      -     96     16      0      0      -      -   3615   1531  16283      2      0 
 01:44:23       3    157     62      -     97     16      0      0      -      -   3615   1531  16283      2      0 
 01:44:53       0    153     68      -     95     16      0      0      -      -   3615   1531  16283      2      0 
 01:44:53       1    139     67      -     95     16      0      0      -      -   3615   1531  16283      2      0 
 01:44:53       2    131     66      -     97     16      0      0      -      -   3615   1531  16283      2      0 
 01:44:53       3    145     64      -     97     16      0      0      -      -   3615   1531  16283      2      0 
 01:45:23       0    138     69      -     95     15      0      0      -      -   3615   1531  16283      2      0 
 01:45:23       1    158     68      -     95     15      0      0      -      -   3615   1531  16283      2      0 
 01:45:23       2    170     67      -     97     16      0      0      -      -   3615   1531  16283      2      0 
 01:45:23       3    176     64      -     97     15      0      0      -      -   3615   1531  16283      2      0 
 01:45:54       0    128     70      -     96     15      0      0      -      -   3615   1531  16283      2      0 
 01:45:54       1    152     69      -     96     16      0      0      -      -   3615   1531  16283      2      0 
 01:45:54       2    178     68      -     97     14      0      0      -      -   3615   1531  16283      2      0 
 01:45:54       3    161     65      -     97     16      0      0      -      -   3615   1531  16283      2      0 
 01:46:24       0    143     69      -     84     71      0      0      -      -   3615   1531  16283      2      0 
 01:46:24       1    148     68      -     84     71      0      0      -      -   3615   1531  16283      2      0 
 01:46:24       2    151     67      -     84     72      0      0      -      -   3615   1531  16283      2      0 
 01:46:24       3    143     64      -     84     71      0      0      -      -   3615   1531  16283      2      0 
 01:46:54       0    179     70      -     95     16      0      0      -      -   3615   1531  16283      2      0 
 01:46:54       1    168     69      -     95     16      0      0      -      -   3615   1531  16283      2      0 
 01:46:54       2    143     68      -     97     16      0      0      -      -   3615   1531  16283      2      0 
 01:46:54       3    145     65      -     96     16      0      0      -      -   3615   1531  16283      2      0 
#Time         gpu    pwr  gtemp  mtemp     sm    mem    enc    dec    jpg    ofa   mclk   pclk     fb   bar1   ccpm 
#HH:MM:SS     Idx      W      C      C      %      %      %      %      %      %    MHz    MHz     MB     MB     MB 
 01:47:24       0    151     70      -     94     16      0      0      -      -   3615   1531  16283      2      0 
 01:47:24       1    169     69      -     95     15      0      0      -      -   3615   1531  16283      2      0 
 01:47:24       2    176     68      -     97     16      0      0      -      -   3615   1531  16283      2      0 
 01:47:24       3    178     65      -     97     15      0      0      -      -   3615   1531  16283      2      0 
 01:47:54       0    145     70      -     81     13      0      0      -      -   3615   1531  16283      2      0 
 01:47:54       1    157     69      -     81     12      0      0      -      -   3615   1531  16283      2      0 
 01:47:54       2    149     68      -     83     13      0      0      -      -   3615   1531  16283      2      0 
 01:47:54       3    124     65      -     83     13      0      0      -      -   3615   1531  16283      2      0 
 01:48:24       0    168     71      -     95     15      0      0      -      -   3615   1531  16283      2      0 
 01:48:24       1    180     70      -     96     14      0      0      -      -   3615   1531  16283      2      0 
 01:48:24       2    171     69      -     97     16      0      0      -      -   3615   1531  16283      2      0 
 01:48:24       3    142     65      -     97     16      0      0      -      -   3615   1531  16283      2      0 
 01:48:54       0    153     71      -     95     15      0      0      -      -   3615   1531  16283      2      0 
 01:48:54       1    136     70      -     95     15      0      0      -      -   3615   1531  16283      2      0 
 01:48:54       2    157     69      -     97     15      0      0      -      -   3615   1531  16283      2      0 
 01:48:54       3    163     65      -     97     15      0      0      -      -   3615   1531  16283      2      0 
 01:49:24       0    127     71      -     95     15      0      0      -      -   3615   1531  16283      2      0 
 01:49:24       1    150     70      -     95     15      0      0      -      -   3615   1531  16283      2      0 
 01:49:24       2    164     69      -     97     15      0      0      -      -   3615   1531  16283      2      0 
 01:49:24       3    168     66      -     97     15      0      0      -      -   3615   1531  16283      2      0 
 01:49:54       0    169     72      -     95     14      0      0      -      -   3615   1531  16283      2      0 
 01:49:54       1    175     70      -     96     14      0      0      -      -   3615   1531  16283      2      0 
 01:49:54       2    177     69      -     97     14      0      0      -      -   3615   1531  16283      2      0 
 01:49:54       3    172     66      -     97     15      0      0      -      -   3615   1531  16283      2      0 
 01:50:24       0    171     72      -     96     14      0      0      -      -   3615   1531  16283      2      0 
 01:50:24       1    154     70      -     95     14      0      0      -      -   3615   1531  16283      2      0 
 01:50:24       2    140     69      -     97     14      0      0      -      -   3615   1531  16283      2      0 
 01:50:24       3    146     66      -     97     14      0      0      -      -   3615   1531  16283      2      0 
 01:50:54       0    151     72      -     96     14      0      0      -      -   3615   1531  16283      2      0 
 01:50:54       1    171     70      -     96     14      0      0      -      -   3615   1531  16283      2      0 
 01:50:54       2    181     69      -     97     14      0      0      -      -   3615   1531  16283      2      0 
 01:50:54       3    160     66      -     97     14      0      0      -      -   3615   1531  16283      2      0 
 01:51:24       0    150     71      -     96     14      0      0      -      -   3615   1531  16283      2      0 
 01:51:24       1    139     70      -     71     12      0      0      -      -   3615   1531  16283      2      0 
 01:51:24       2    131     69      -     98     14      0      0      -      -   3615   1531  16283      2      0 
 01:51:24       3    144     66      -     82     12      0      0      -      -   3615   1531  16283      2      0 
 01:51:54       0    139     72      -     96     14      0      0      -      -   3615   1531  16283      2      0 
 01:51:54       1    154     70      -     95     15      0      0      -      -   3615   1531  16283      2      0 
 01:51:54       2    155     69      -     97     14      0      0      -      -   3615   1531  16283      2      0 
 01:51:54       3    155     66      -     98     13      0      0      -      -   3615   1531  16283      2      0 
 01:52:24       0    150     71      -     72     11      0      0      -      -   3615   1531  16283      2      0 
 01:52:24       1    146     70      -     96     13      0      0      -      -   3615   1531  16283      2      0 
 01:52:24       2    156     69      -     98     13      0      0      -      -   3615   1531  16283      2      0 
 01:52:24       3    148     66      -     97     13      0      0      -      -   3615   1531  16283      2      0 
#Time         gpu    pwr  gtemp  mtemp     sm    mem    enc    dec    jpg    ofa   mclk   pclk     fb   bar1   ccpm 
#HH:MM:SS     Idx      W      C      C      %      %      %      %      %      %    MHz    MHz     MB     MB     MB 
 01:52:54       0    173     71      -     96     15      0      0      -      -   3615   1531  16283      2      0 
 01:52:54       1    174     71      -     96     13      0      0      -      -   3615   1531  16283      2      0 
 01:52:54       2    173     69      -     97     15      0      0      -      -   3615   1531  16283      2      0 
 01:52:54       3    146     66      -     98     13      0      0      -      -   3615   1531  16283      2      0 
 01:53:24       0    166     71      -     96     14      0      0      -      -   3615   1531  16283      2      0 
 01:53:24       1    143     70      -     96     13      0      0      -      -   3615   1531  16283      2      0 
 01:53:24       2    153     69      -     97     12      0      0      -      -   3615   1531  16283      2      0 
 01:53:24       3    146     66      -     96     15      0      0      -      -   3615   1531  16283      2      0 
 01:53:54       0    157     71      -     97     13      0      0      -      -   3615   1531  16283      2      0 
 01:53:54       1    167     70      -     97     12      0      0      -      -   3615   1531  16283      2      0 
 01:53:54       2    170     69      -     98     12      0      0      -      -   3615   1531  16283      2      0 
 01:53:54       3    171     66      -     97     15      0      0      -      -   3615   1531  16283      2      0 
 01:54:24       0    167     72      -     97     12      0      0      -      -   3615   1531  16283      2      0 
 01:54:24       1    183     70      -     97     12      0      0      -      -   3615   1531  16283      2      0 
 01:54:24       2    169     69      -     97     12      0      0      -      -   3615   1531  16283      2      0 
 01:54:24       3    143     66      -     97     14      0      0      -      -   3615   1531  16283      2      0 
 01:54:54       0    177     71      -     95     15      0      0      -      -   3615   1531  16283      2      0 
 01:54:54       1    183     70      -     97     12      0      0      -      -   3615   1531  16283      2      0 
 01:54:54       2    183     69      -     98     12      0      0      -      -   3615   1531  16283      2      0 
 01:54:54       3    179     66      -     98     12      0      0      -      -   3615   1531  16283      2      0 
 01:55:24       0    157     71      -     97     13      0      0      -      -   3615   1531  16283      2      0 
 01:55:24       1    167     70      -     96     13      0      0      -      -   3615   1531  16283      2      0 
 01:55:24       2    170     69      -     98     12      0      0      -      -   3615   1531  16283      2      0 
 01:55:24       3    170     66      -     98     12      0      0      -      -   3615   1531  16283      2      0 
 01:55:54       0    129     72      -     96     13      0      0      -      -   3615   1531  16283      2      0 
 01:55:54       1    152     71      -     97     12      0      0      -      -   3615   1531  16283      2      0 
 01:55:54       2    165     69      -     98     12      0      0      -      -   3615   1531  16283      2      0 
 01:55:54       3    173     66      -     98     12      0      0      -      -   3615   1531  16283      2      0 
 01:56:24       0    160     71      -     61      8      0      0      -      -   3615   1531  16283      2      0 
 01:56:24       1    174     70      -     61      5      0      0      -      -   3615   1531  16283      2      0 
 01:56:24       2    183     69      -     79      7      0      0      -      -   3615   1531  16283      2      0 
 01:56:24       3    159     66      -     62      8      0      0      -      -   3615   1531  16283      2      0 
 01:56:54       0    156     72      -     96     13      0      0      -      -   3615   1531  16283      2      0 
 01:56:54       1    128     71      -     96     13      0      0      -      -   3615   1531  16283      2      0 
 01:56:54       2    143     69      -     98     11      0      0      -      -   3615   1531  16283      2      0 
 01:56:54       3    154     66      -     97     13      0      0      -      -   3615   1531  16283      2      0 
 01:57:24       0    169     71      -     96     12      0      0      -      -   3615   1531  16283      2      0 
 01:57:24       1    176     70      -     97     11      0      0      -      -   3615   1531  16283      2      0 
 01:57:24       2    178     69      -     97     13      0      0      -      -   3615   1531  16283      2      0 
 01:57:24       3    176     66      -     98     11      0      0      -      -   3615   1531  16283      2      0 
 01:57:54       0    184     71      -     73     12      0      0      -      -   3615   1531  16283      2      0 
 01:57:54       1    186     70      -     81     12      0      0      -      -   3615   1531  16283      2      0 
 01:57:54       2    184     69      -     59      8      0      0      -      -   3615   1531  16283      2      0 
 01:57:54       3    181     66      -     59      8      0      0      -      -   3615   1531  16283      2      0 
#Time         gpu    pwr  gtemp  mtemp     sm    mem    enc    dec    jpg    ofa   mclk   pclk     fb   bar1   ccpm 
#HH:MM:SS     Idx      W      C      C      %      %      %      %      %      %    MHz    MHz     MB     MB     MB 
 01:58:24       0    182     71      -     97     10      0      0      -      -   3615   1531  16283      2      0 
 01:58:24       1    185     70      -     96     15      0      0      -      -   3615   1531  16283      2      0 
 01:58:24       2    184     69      -     98     10      0      0      -      -   3615   1531  16283      2      0 
 01:58:24       3    179     66      -     97     15      0      0      -      -   3615   1531  16283      2      0 
 01:58:54       0    165     71      -     96     13      0      0      -      -   3615   1531  16283      2      0 
 01:58:54       1    155     71      -     97     12      0      0      -      -   3615   1531  16283      2      0 
 01:58:54       2    140     69      -     98     12      0      0      -      -   3615   1531  16283      2      0 
 01:58:54       3    145     66      -     98     11      0      0      -      -   3615   1531  16283      2      0 
 01:59:24       0    158     70      -     86     67      0      0      -      -   3615   1531  16289      2      0 
 01:59:24       1    148     69      -     86     67      0      0      -      -   3615   1531  16289      2      0 
 01:59:24       2    154     68      -     86     66      0      0      -      -   3615   1531  16289      2      0 
 01:59:24       3    150     65      -     86     67      0      0      -      -   3615   1531  16289      2      0 
 01:59:54       0    174     69      -     95     16      0      0      -      -   3615   1531  16289      2      0 
 01:59:54       1    174     68      -     95     17      0      0      -      -   3615   1531  16289      2      0 
 01:59:54       2    149     67      -     96     16      0      0      -      -   3615   1531  16289      2      0 
 01:59:54       3    141     64      -     96     16      0      0      -      -   3615   1531  16289      2      0 
 02:00:24       0    154     69      -     95     16      0      0      -      -   3615   1531  16289      2      0 
 02:00:24       1    140     68      -     95     16      0      0      -      -   3615   1531  16289      2      0 
 02:00:24       2    128     67      -     97     16      0      0      -      -   3615   1531  16289      2      0 
 02:00:24       3    146     64      -     96     15      0      0      -      -   3615   1531  16289      2      0 
 02:00:54       0    156     69      -     91     15      0      0      -      -   3615   1531  16289      2      0 
 02:00:54       1    164     68      -     91     15      0      0      -      -   3615   1531  16289      2      0 
 02:00:54       2    167     67      -     97     16      0      0      -      -   3615   1531  16289      2      0 
 02:00:54       3    162     64      -     97     16      0      0      -      -   3615   1531  16289      2      0 
 02:01:24       0    136     69      -     95     15      0      0      -      -   3615   1531  16289      2      0 
 02:01:24       1    155     68      -     95     15      0      0      -      -   3615   1531  16289      2      0 
 02:01:24       2    169     67      -     97     15      0      0      -      -   3615   1531  16289      2      0 
 02:01:24       3    173     64      -     97     15      0      0      -      -   3615   1531  16289      2      0 
 02:01:54       0    148     69      -     78     12      0      0      -      -   3615   1531  16289      2      0 
 02:01:54       1    152     68      -     83     12      0      0      -      -   3615   1531  16289      2      0 
 02:01:54       2    160     67      -     79     12      0      0      -      -   3615   1531  16289      2      0 
 02:01:54       3    136     64      -     97     15      0      0      -      -   3615   1531  16289      2      0 
 02:02:24       0    139     69      -     95     15      0      0      -      -   3615   1531  16289      2      0 
 02:02:24       1    152     68      -     95     15      0      0      -      -   3615   1531  16289      2      0 
 02:02:24       2    152     67      -     97     15      0      0      -      -   3615   1531  16289      2      0 
 02:02:24       3    152     64      -     97     15      0      0      -      -   3615   1531  16289      2      0 
 02:02:54       0    161     69      -     96     15      0      0      -      -   3615   1531  16289      2      0 
 02:02:54       1    139     68      -     96     14      0      0      -      -   3615   1531  16289      2      0 
 02:02:54       2    151     67      -     97     15      0      0      -      -   3615   1531  16289      2      0 
 02:02:54       3    144     64      -     97     15      0      0      -      -   3615   1531  16289      2      0 
 02:03:24       0    150     69      -     96     14      0      0      -      -   3615   1531  16289      2      0 
 02:03:24       1    148     68      -     95     14      0      0      -      -   3615   1531  16289      2      0 
 02:03:24       2    153     67      -     97     14      0      0      -      -   3615   1531  16289      2      0 
 02:03:24       3    155     64      -     97     14      0      0      -      -   3615   1531  16289      2      0 
#Time         gpu    pwr  gtemp  mtemp     sm    mem    enc    dec    jpg    ofa   mclk   pclk     fb   bar1   ccpm 
#HH:MM:SS     Idx      W      C      C      %      %      %      %      %      %    MHz    MHz     MB     MB     MB 
 02:03:54       0    171     69      -     96     14      0      0      -      -   3615   1531  16289      2      0 
 02:03:54       1    180     69      -     96     14      0      0      -      -   3615   1531  16289      2      0 
 02:03:54       2    158     67      -     97     14      0      0      -      -   3615   1531  16289      2      0 
 02:03:54       3    133     65      -     97     14      0      0      -      -   3615   1531  16289      2      0 
 02:04:24       0    168     70      -     96     14      0      0      -      -   3615   1531  16289      2      0 
 02:04:24       1    169     69      -     96     14      0      0      -      -   3615   1531  16289      2      0 
 02:04:24       2    145     68      -     97     14      0      0      -      -   3615   1531  16289      2      0 
 02:04:24       3    133     65      -     97     14      0      0      -      -   3615   1531  16289      2      0 
 02:04:54       0    180     70      -     96     15      0      0      -      -   3615   1531  16289      2      0 
 02:04:54       1    157     69      -     96     13      0      0      -      -   3615   1531  16289      2      0 
 02:04:54       2    141     68      -     97     15      0      0      -      -   3615   1531  16289      2      0 
 02:04:54       3    148     65      -     97     13      0      0      -      -   3615   1531  16289      2      0 
 02:05:24       0    175     70      -     96     13      0      0      -      -   3615   1531  16289      2      0 
 02:05:24       1    181     69      -     96     15      0      0      -      -   3615   1531  16289      2      0 
 02:05:24       2    181     68      -     98     13      0      0      -      -   3615   1531  16289      2      0 
 02:05:24       3    175     65      -     97     14      0      0      -      -   3615   1531  16289      2      0 
 02:05:54       0    150     70      -     96     13      0      0      -      -   3615   1531  16289      2      0 
 02:05:54       1    162     69      -     96     14      0      0      -      -   3615   1531  16289      2      0 
 02:05:54       2    166     68      -     98     13      0      0      -      -   3615   1531  16289      2      0 
 02:05:54       3    163     65      -     97     13      0      0      -      -   3615   1531  16289      2      0 
 02:06:24       0    139     69      -     69      7      0      0      -      -   3615   1531  16289      2      0 
 02:06:24       1    126     69      -     68      7      0      0      -      -   3615   1531  16289      2      0 
 02:06:24       2    151     67      -     83      9      0      0      -      -   3615   1531  16289      2      0 
 02:06:24       3    161     65      -     69     10      0      0      -      -   3615   1531  16289      2      0 
 02:06:54       0    174     70      -     97     13      0      0      -      -   3615   1531  16289      2      0 
 02:06:54       1    180     69      -     97     13      0      0      -      -   3615   1531  16289      2      0 
 02:06:54       2    180     68      -     97     15      0      0      -      -   3615   1531  16289      2      0 
 02:06:54       3    177     65      -     97     15      0      0      -      -   3615   1531  16289      2      0 
 02:07:24       0    139     70      -     97     12      0      0      -      -   3615   1531  16289      2      0 
 02:07:24       1    149     69      -     95     15      0      0      -      -   3615   1531  16289      2      0 
 02:07:24       2    156     68      -     98     12      0      0      -      -   3615   1531  16289      2      0 
 02:07:24       3    143     65      -     97     15      0      0      -      -   3615   1531  16289      2      0 
 02:07:54       0    129     70      -     97     12      0      0      -      -   3615   1531  16289      2      0 
 02:07:54       1    152     69      -     96     12      0      0      -      -   3615   1531  16289      2      0 
 02:07:54       2    167     68      -     97     15      0      0      -      -   3615   1531  16289      2      0 
 02:07:54       3    171     65      -     97     15      0      0      -      -   3615   1531  16289      2      0 
 02:08:24       0    150     70      -     97     12      0      0      -      -   3615   1531  16289      2      0 
 02:08:24       1    154     69      -     96     14      0      0      -      -   3615   1531  16289      2      0 
 02:08:24       2    162     68      -     98     12      0      0      -      -   3615   1531  16289      2      0 
 02:08:24       3    162     65      -     97     13      0      0      -      -   3615   1531  16289      2      0 
 02:08:54       0    178     70      -     97     11      0      0      -      -   3615   1531  16289      2      0 
 02:08:54       1    183     69      -     97     11      0      0      -      -   3615   1531  16289      2      0 
 02:08:54       2    182     68      -     97     15      0      0      -      -   3615   1531  16289      2      0 
 02:08:54       3    180     65      -     97     14      0      0      -      -   3615   1531  16289      2      0 
#Time         gpu    pwr  gtemp  mtemp     sm    mem    enc    dec    jpg    ofa   mclk   pclk     fb   bar1   ccpm 
#HH:MM:SS     Idx      W      C      C      %      %      %      %      %      %    MHz    MHz     MB     MB     MB 
 02:09:24       0    133     70      -     97     12      0      0      -      -   3615   1531  16289      2      0 
 02:09:24       1    141     70      -     95     14      0      0      -      -   3615   1531  16289      2      0 
 02:09:24       2    163     68      -     98     11      0      0      -      -   3615   1531  16289      2      0 
 02:09:24       3    181     66      -     97     15      0      0      -      -   3615   1531  16289      2      0 
 02:09:54       0    175     70      -     96     15      0      0      -      -   3615   1531  16289      2      0 
 02:09:54       1    181     69      -     96     15      0      0      -      -   3615   1531  16289      2      0 
 02:09:54       2    181     68      -     98     11      0      0      -      -   3615   1531  16289      2      0 
 02:09:54       3    177     65      -     98     11      0      0      -      -   3615   1531  16289      2      0 
 02:10:24       0    170     71      -     97     12      0      0      -      -   3615   1531  16289      2      0 
 02:10:24       1    176     70      -     95     15      0      0      -      -   3615   1531  16289      2      0 
 02:10:24       2    177     68      -     98     11      0      0      -      -   3615   1531  16289      2      0 
 02:10:24       3    176     65      -     98     11      0      0      -      -   3615   1531  16289      2      0 
 02:10:55       0    153     70      -     97     12      0      0      -      -   3615   1531  16289      2      0 
 02:10:55       1    131     69      -     97     12      0      0      -      -   3615   1531  16289      2      0 
 02:10:55       2    135     68      -     98     10      0      0      -      -   3615   1531  16289      2      0 
 02:10:55       3    149     65      -     98     10      0      0      -      -   3615   1531  16289      2      0 
 02:11:25       0    152     71      -     96     12      0      0      -      -   3615   1531  16289      2      0 
 02:11:25       1    170     69      -     97     10      0      0      -      -   3615   1531  16289      2      0 
 02:11:25       2    178     68      -     98     10      0      0      -      -   3615   1531  16289      2      0 
 02:11:25       3    174     65      -     98     11      0      0      -      -   3615   1531  16289      2      0 
 02:11:55       0    167     71      -     96     14      0      0      -      -   3615   1531  16289      2      0 
 02:11:55       1    180     70      -     98     11      0      0      -      -   3615   1531  16289      2      0 
 02:11:55       2    185     68      -     97     15      0      0      -      -   3615   1531  16289      2      0 
 02:11:55       3    145     66      -     98     12      0      0      -      -   3615   1531  16289      2      0 
 02:12:25       0    183     71      -     96     13      0      0      -      -   3615   1531  16289      2      0 
 02:12:25       1    185     70      -     96     15      0      0      -      -   3615   1531  16289      2      0 
 02:12:25       2    183     68      -     98     12      0      0      -      -   3615   1531  16289      2      0 
 02:12:25       3    173     66      -     98     11      0      0      -      -   3615   1531  16289      2      0 
 02:12:55       0     67     71      -     66      5      0      0      -      -   3615   1531  16289      2      0 
 02:12:55       1     68     69      -     94      9      0      0      -      -   3615   1531  16289      2      0 
 02:12:55       2     73     68      -     97     13      0      0      -      -   3615   1531  16289      2      0 
 02:12:55       3     65     65      -     77      6      0      0      -      -   3615   1531  16289      2      0 
 02:13:25       0    183     71      -     98     10      0      0      -      -   3615   1531  16289      2      0 
 02:13:25       1    186     70      -     98     10      0      0      -      -   3615   1531  16289      2      0 
 02:13:25       2    185     69      -     97     14      0      0      -      -   3615   1531  16289      2      0 
 02:13:25       3    180     66      -     97     14      0      0      -      -   3615   1531  16289      2      0 
 02:13:55       0    183     71      -     95     13      0      0      -      -   3615   1531  16289      2      0 
 02:13:55       1    185     70      -     98      9      0      0      -      -   3615   1531  16289      2      0 
 02:13:55       2    185     69      -     96     14      0      0      -      -   3615   1531  16289      2      0 
 02:13:55       3    178     66      -     97     10      0      0      -      -   3615   1531  16289      2      0 
 02:14:25       0    183     72      -     97     12      0      0      -      -   3615   1531  16289      2      0 
 02:14:25       1    184     70      -     96     13      0      0      -      -   3615   1531  16289      2      0 
 02:14:25       2    187     69      -     99     10      0      0      -      -   3615   1531  16289      2      0 
 02:14:25       3    180     66      -     99     10      0      0      -      -   3615   1531  16289      2      0 
#Time         gpu    pwr  gtemp  mtemp     sm    mem    enc    dec    jpg    ofa   mclk   pclk     fb   bar1   ccpm 
#HH:MM:SS     Idx      W      C      C      %      %      %      %      %      %    MHz    MHz     MB     MB     MB 
 02:14:55       0    183     71      -     98      9      0      0      -      -   3615   1531  16289      2      0 
 02:14:55       1    185     70      -     96     14      0      0      -      -   3615   1531  16289      2      0 
 02:14:55       2    187     69      -     99      9      0      0      -      -   3615   1531  16289      2      0 
 02:14:55       3    181     66      -     97     15      0      0      -      -   3615   1531  16289      2      0 
 02:15:25       0    184     71      -     98      9      0      0      -      -   3615   1531  16289      2      0 
 02:15:25       1    186     70      -     98     10      0      0      -      -   3615   1531  16289      2      0 
 02:15:25       2    188     69      -     97     15      0      0      -      -   3615   1531  16289      2      0 
 02:15:25       3    181     66      -     97     15      0      0      -      -   3615   1531  16289      2      0 
 02:15:55       0    145     70      -     73      5      0      0      -      -   3615   1531  16289      2      0 
 02:15:55       1    167     69      -     98     10      0      0      -      -   3615   1531  16289      2      0 
 02:15:55       2    176     68      -     72      5      0      0      -      -   3615   1531  16289      2      0 
 02:15:55       3    147     65      -     87      7      0      0      -      -   3615   1531  16289      2      0 
 02:16:25       0    176     71      -     97      9      0      0      -      -   3615   1531  16289      2      0 
 02:16:25       1    180     70      -     96     12      0      0      -      -   3615   1531  16289      2      0 
 02:16:25       2    182     69      -     99      9      0      0      -      -   3615   1531  16289      2      0 
 02:16:25       3    176     66      -     97     14      0      0      -      -   3615   1531  16289      2      0 
 02:16:55       0    183     71      -     97     11      0      0      -      -   3615   1531  16289      2      0 
 02:16:55       1    185     70      -     96     15      0      0      -      -   3615   1531  16289      2      0 
 02:16:55       2    187     69      -     98     12      0      0      -      -   3615   1531  16289      2      0 
 02:16:55       3    180     66      -     98     12      0      0      -      -   3615   1531  16289      2      0 
 02:17:25       0    184     71      -     96     15      0      0      -      -   3615   1531  16289      2      0 
 02:17:25       1    186     70      -     96     10      0      0      -      -   3615   1531  16289      2      0 
 02:17:25       2    188     69      -     98     13      0      0      -      -   3615   1531  16289      2      0 
 02:17:25       3    181     66      -     97     11      0      0      -      -   3615   1531  16289      2      0 
 02:17:55       0    174     71      -     96     14      0      0      -      -   3615   1531  16289      2      0 
 02:17:55       1    179     70      -     96     13      0      0      -      -   3615   1531  16289      2      0 
 02:17:55       2    183     69      -     99      9      0      0      -      -   3615   1531  16289      2      0 
 02:17:55       3    176     66      -     99      9      0      0      -      -   3615   1531  16289      2      0 
 02:18:25       0    146     71      -     97     12      0      0      -      -   3615   1531  16289      2      0 
 02:18:25       1    149     70      -     98      7      0      0      -      -   3615   1531  16289      2      0 
 02:18:25       2    165     69      -     99      9      0      0      -      -   3615   1531  16289      2      0 
 02:18:25       3    126     66      -     98      8      0      0      -      -   3615   1531  16289      2      0 
 02:18:55       0    183     71      -     97     12      0      0      -      -   3615   1531  16289      2      0 
 02:18:55       1    186     70      -     97     12      0      0      -      -   3615   1531  16289      2      0 
 02:18:55       2    188     69      -     98     13      0      0      -      -   3615   1531  16289      2      0 
 02:18:55       3    181     66      -     97     13      0      0      -      -   3615   1531  16289      2      0 
 02:19:25       0    182     71      -     95     14      0      0      -      -   3615   1531  16289      2      0 
 02:19:25       1    184     70      -     97     11      0      0      -      -   3615   1531  16289      2      0 
 02:19:25       2    188     69      -     97     15      0      0      -      -   3615   1531  16289      2      0 
 02:19:25       3    180     66      -     99     10      0      0      -      -   3615   1531  16289      2      0 
 02:19:55       0    181     72      -     97     11      0      0      -      -   3615   1531  16289      2      0 
 02:19:55       1    181     70      -     98      9      0      0      -      -   3615   1531  16289      2      0 
 02:19:55       2    179     69      -     97     15      0      0      -      -   3615   1531  16289      2      0 
 02:19:55       3    172     66      -     97     15      0      0      -      -   3615   1531  16289      2      0 
#Time         gpu    pwr  gtemp  mtemp     sm    mem    enc    dec    jpg    ofa   mclk   pclk     fb   bar1   ccpm 
#HH:MM:SS     Idx      W      C      C      %      %      %      %      %      %    MHz    MHz     MB     MB     MB 
 02:20:25       0    126     71      -     98     10      0      0      -      -   3615   1531  16289      2      0 
 02:20:25       1    148     70      -     97     13      0      0      -      -   3615   1531  16289      2      0 
 02:20:25       2    167     69      -     99      8      0      0      -      -   3615   1531  16289      2      0 
 02:20:25       3    178     66      -     98     10      0      0      -      -   3615   1531  16289      2      0 
 02:20:55       0    177     72      -     96     14      0      0      -      -   3615   1531  16289      2      0 
 02:20:55       1    174     70      -     97     11      0      0      -      -   3615   1531  16289      2      0 
 02:20:55       2    152     69      -     99      7      0      0      -      -   3615   1531  16289      2      0 
 02:20:55       3    133     66      -     99     10      0      0      -      -   3615   1531  16289      2      0 
 02:21:25       0    160     71      -     97     12      0      0      -      -   3615   1531  16289      2      0 
 02:21:25       1    175     70      -     98      9      0      0      -      -   3615   1531  16289      2      0 
 02:21:25       2    187     69      -     99      9      0      0      -      -   3615   1531  16289      2      0 
 02:21:25       3    156     66      -     99      9      0      0      -      -   3615   1531  16289      2      0 
 02:21:55       0    159     71      -     99      7      0      0      -      -   3615   1531  16289      2      0 
 02:21:55       1    143     70      -     98     10      0      0      -      -   3615   1531  16289      2      0 
 02:21:55       2    156     69      -     99      7      0      0      -      -   3615   1531  16289      2      0 
 02:21:55       3    150     66      -     99     10      0      0      -      -   3615   1531  16289      2      0 
 02:22:25       0    184     71      -     96     14      0      0      -      -   3615   1531  16289      2      0 
 02:22:25       1    185     70      -     96     14      0      0      -      -   3615   1531  16289      2      0 
 02:22:25       2    188     69      -     98     11      0      0      -      -   3615   1531  16289      2      0 
 02:22:25       3    181     66      -     98     12      0      0      -      -   3615   1531  16289      2      0 
 02:22:55       0    184     71      -     97     12      0      0      -      -   3615   1531  16289      2      0 
 02:22:55       1    189     70      -     96     13      0      0      -      -   3615   1531  16289      2      0 
 02:22:55       2    185     69      -     99      9      0      0      -      -   3615   1531  16289      2      0 
 02:22:55       3    180     66      -     98     12      0      0      -      -   3615   1531  16289      2      0 
 02:23:25       0    180     71      -     70     12      0      0      -      -   3615   1531  16289      2      0 
 02:23:25       1    182     69      -     36      3      0      0      -      -   3615   1531  16289      2      0 
 02:23:25       2    183     68      -     51      6      0      0      -      -   3615   1531  16289      2      0 
 02:23:25       3    178     65      -     78     11      0      0      -      -   3615   1531  16289      2      0 
 02:23:55       0    183     71      -     96     15      0      0      -      -   3615   1531  16289      2      0 
 02:23:55       1    186     70      -     96     13      0      0      -      -   3615   1531  16289      2      0 
 02:23:55       2    183     69      -     98     14      0      0      -      -   3615   1531  16289      2      0 
 02:23:55       3    175     66      -     97     14      0      0      -      -   3615   1531  16289      2      0 
 02:24:25       0    150     71      -     99      6      0      0      -      -   3615   1531  16289      2      0 
 02:24:25       1    168     70      -     98     10      0      0      -      -   3615   1531  16289      2      0 
 02:24:25       2    179     69      -     98     13      0      0      -      -   3615   1531  16289      2      0 
 02:24:25       3    177     66      -    100      6      0      0      -      -   3615   1531  16289      2      0 
 02:24:55       0    165     71      -     99      7      0      0      -      -   3615   1531  16289      2      0 
 02:24:55       1    180     70      -    100      7      0      0      -      -   3615   1531  16289      2      0 
 02:24:55       2    184     69      -     99      9      0      0      -      -   3615   1531  16289      2      0 
 02:24:55       3    149     66      -     99      5      0      0      -      -   3615   1531  16289      2      0 
 02:25:25       0    164     71      -     99      8      0      0      -      -   3615   1531  16289      2      0 
 02:25:25       1    165     70      -     96     15      0      0      -      -   3615   1531  16289      2      0 
 02:25:25       2    170     69      -     98     12      0      0      -      -   3615   1531  16289      2      0 
 02:25:25       3    147     66      -     98     12      0      0      -      -   3615   1531  16289      2      0 
#Time         gpu    pwr  gtemp  mtemp     sm    mem    enc    dec    jpg    ofa   mclk   pclk     fb   bar1   ccpm 
#HH:MM:SS     Idx      W      C      C      %      %      %      %      %      %    MHz    MHz     MB     MB     MB 
 02:25:55       0    161     71      -     97     13      0      0      -      -   3615   1531  16289      2      0 
 02:25:55       1    164     70      -     95     15      0      0      -      -   3615   1531  16289      2      0 
 02:25:55       2    158     69      -     98     13      0      0      -      -   3615   1531  16289      2      0 
 02:25:55       3    129     66      -     98     14      0      0      -      -   3615   1531  16289      2      0 
 02:26:25       0    151     71      -     98      8      0      0      -      -   3615   1531  16289      2      0 
 02:26:25       1    153     70      -     98      9      0      0      -      -   3615   1531  16289      2      0 
 02:26:25       2    166     69      -     97     12      0      0      -      -   3615   1531  16289      2      0 
 02:26:25       3    136     66      -     97      9      0      0      -      -   3615   1531  16289      2      0 
 02:26:55       0    184     71      -     97     12      0      0      -      -   3615   1531  16289      2      0 
 02:26:55       1    186     70      -     96     14      0      0      -      -   3615   1531  16289      2      0 
 02:26:55       2    189     69      -     98     12      0      0      -      -   3615   1531  16289      2      0 
 02:26:55       3    178     66      -     99     10      0      0      -      -   3615   1531  16289      2      0 
 02:27:25       0    184     71      -     96     15      0      0      -      -   3615   1531  16289      2      0 
 02:27:25       1    187     70      -     96     14      0      0      -      -   3615   1531  16289      2      0 
 02:27:25       2    189     69      -     98     13      0      0      -      -   3615   1531  16289      2      0 
 02:27:25       3    182     66      -     97     14      0      0      -      -   3615   1531  16289      2      0 
 02:27:55       0    169     71      -     97     11      0      0      -      -   3615   1531  16289      2      0 
 02:27:55       1    171     70      -     98      9      0      0      -      -   3615   1531  16289      2      0 
 02:27:55       2    170     69      -     97     15      0      0      -      -   3615   1531  16289      2      0 
 02:27:55       3    163     66      -     98     14      0      0      -      -   3615   1531  16289      2      0 
 02:28:25       0    130     71      -     99      7      0      0      -      -   3615   1531  16289      2      0 
 02:28:25       1    154     69      -     97     10      0      0      -      -   3615   1531  16289      2      0 
 02:28:25       2    173     69      -    100      4      0      0      -      -   3615   1531  16289      2      0 
 02:28:25       3    176     66      -     98     11      0      0      -      -   3615   1531  16289      2      0 
 02:28:55       0    150     71      -     98     10      0      0      -      -   3615   1531  16289      2      0 
 02:28:55       1    149     70      -     99      9      0      0      -      -   3615   1531  16289      2      0 
 02:28:55       2    151     69      -     99      9      0      0      -      -   3615   1531  16289      2      0 
 02:28:55       3    154     66      -     99      8      0      0      -      -   3615   1531  16289      2      0 
 02:29:25       0    124     70      -     97     10      0      0      -      -   3615   1531  16289      2      0 
 02:29:25       1    148     69      -     99      7      0      0      -      -   3615   1531  16289      2      0 
 02:29:25       2    167     68      -     97     12      0      0      -      -   3615   1531  16289      2      0 
 02:29:25       3    171     65      -    100      5      0      0      -      -   3615   1531  16289      2      0 
 02:29:55       0    131     71      -     97     11      0      0      -      -   3615   1531  16289      2      0 
 02:29:55       1    152     69      -     99      8      0      0      -      -   3615   1531  16289      2      0 
 02:29:55       2    172     69      -     99      6      0      0      -      -   3615   1531  16289      2      0 
 02:29:55       3    176     66      -    100      5      0      0      -      -   3615   1531  16289      2      0 
 02:30:25       0    160     71      -     99      8      0      0      -      -   3615   1531  16289      2      0 
 02:30:25       1    174     70      -     98     10      0      0      -      -   3615   1531  16289      2      0 
 02:30:25       2    187     69      -    100      6      0      0      -      -   3615   1531  16289      2      0 
 02:30:25       3    161     66      -     99      8      0      0      -      -   3615   1531  16289      2      0 
 02:30:55       0    150     71      -    100      6      0      0      -      -   3615   1531  16289      2      0 
 02:30:55       1    177     69      -     97     10      0      0      -      -   3615   1531  16289      2      0 
 02:30:55       2    182     68      -    100      6      0      0      -      -   3615   1531  16289      2      0 
 02:30:55       3    152     66      -     97     10      0      0      -      -   3615   1531  16289      2      0 
#Time         gpu    pwr  gtemp  mtemp     sm    mem    enc    dec    jpg    ofa   mclk   pclk     fb   bar1   ccpm 
#HH:MM:SS     Idx      W      C      C      %      %      %      %      %      %    MHz    MHz     MB     MB     MB 
 02:31:25       0    157     71      -     96     14      0      0      -      -   3615   1531  16289      2      0 
 02:31:25       1    167     70      -     97     11      0      0      -      -   3615   1531  16289      2      0 
 02:31:25       2    172     69      -     98     11      0      0      -      -   3615   1531  16289      2      0 
 02:31:25       3    169     66      -     98     11      0      0      -      -   3615   1531  16289      2      0 
 02:31:55       0    163     70      -     87     61      0      0      -      -   3615   1531  16289      2      0 
 02:31:55       1    160     69      -     86     62      0      0      -      -   3615   1531  16289      2      0 
 02:31:55       2    165     68      -     87     62      0      0      -      -   3615   1531  16289      2      0 
 02:31:55       3    160     65      -     87     62      0      0      -      -   3615   1531  16289      2      0 
 02:32:25       0     54     61      -     12      0      0      0      -      -   3615   1303   6071      2      0 
 02:32:25       1     56     60      -     12      0      0      0      -      -   3615   1303   6071      2      0 
 02:32:25       2     57     60      -     12      0      0      0      -      -   3615   1303   6071      2      0 
 02:32:25       3     55     55      -     13      0      0      0      -      -   3615   1303   6071      2      0 
 02:32:55       0    136     63      -     92     19      0      0      -      -   3615   1531  11421      2      0 
 02:32:55       1    159     62      -     92     19      0      0      -      -   3615   1531  11421      2      0 
 02:32:55       2    138     61      -     95     19      0      0      -      -   3615   1531  11421      2      0 
 02:32:55       3    124     58      -     95     19      0      0      -      -   3615   1531  11421      2      0 
 02:33:25       0    143     65      -     93     18      0      0      -      -   3615   1531  11421      2      0 
 02:33:25       1    154     64      -     92     19      0      0      -      -   3615   1531  11421      2      0 
 02:33:25       2    157     63      -     95     18      0      0      -      -   3615   1531  11421      2      0 
 02:33:25       3    156     60      -     95     18      0      0      -      -   3615   1531  11421      2      0 
 02:33:55       0    134     66      -     93     17      0      0      -      -   3615   1531  11421      2      0 
 02:33:55       1    130     65      -     93     18      0      0      -      -   3615   1531  11421      2      0 
 02:33:55       2    119     65      -     95     18      0      0      -      -   3615   1531  11421      2      0 
 02:33:55       3    139     62      -     95     18      0      0      -      -   3615   1531  11421      2      0 
 02:34:25       0    117     68      -     94     15      0      0      -      -   3615   1531  11421      2      0 
 02:34:25       1    146     67      -     93     18      0      0      -      -   3615   1531  11421      2      0 
 02:34:25       2    155     66      -     95     17      0      0      -      -   3615   1531  11421      2      0 
 02:34:25       3    131     63      -     95     17      0      0      -      -   3615   1531  11421      2      0 
 02:34:55       0    147     69      -     93     17      0      0      -      -   3615   1531  11421      2      0 
 02:34:55       1    158     68      -     95     15      0      0      -      -   3615   1531  11421      2      0 
 02:34:55       2    164     67      -     96     17      0      0      -      -   3615   1531  11421      2      0 
 02:34:55       3    164     64      -     96     18      0      0      -      -   3615   1531  11421      2      0 
 02:35:25       0     68     69      -     93     17      0      0      -      -   3615   1531  11421      2      0 
 02:35:25       1     69     69      -     93     17      0      0      -      -   3615   1531  11421      2      0 
 02:35:25       2     73     67      -     77     12      0      0      -      -   3615   1531  11421      2      0 
 02:35:25       3     75     64      -     83     15      0      0      -      -   3615   1531  11421      2      0 
 02:35:55       0    137     70      -     94     16      0      0      -      -   3615   1531  11421      2      0 
 02:35:55       1    136     69      -     94     17      0      0      -      -   3615   1531  11421      2      0 
 02:35:55       2    147     68      -     97     13      0      0      -      -   3615   1531  11421      2      0 
 02:35:55       3    149     65      -     96     15      0      0      -      -   3615   1531  11421      2      0 
 02:36:26       0    150     70      -     49      5      0      0      -      -   3615   1531  11421      2      0 
 02:36:26       1    162     69      -     56      7      0      0      -      -   3615   1531  11421      2      0 
 02:36:26       2    165     68      -     55      6      0      0      -      -   3615   1531  11421      2      0 
 02:36:26       3    164     65      -     54      6      0      0      -      -   3615   1531  11421      2      0 
#Time         gpu    pwr  gtemp  mtemp     sm    mem    enc    dec    jpg    ofa   mclk   pclk     fb   bar1   ccpm 
#HH:MM:SS     Idx      W      C      C      %      %      %      %      %      %    MHz    MHz     MB     MB     MB 
 02:36:56       0    146     71      -     94     15      0      0      -      -   3615   1531  11421      2      0 
 02:36:56       1    128     70      -     95     13      0      0      -      -   3615   1531  11421      2      0 
 02:36:56       2    160     69      -     96     15      0      0      -      -   3615   1531  11421      2      0 
 02:36:56       3    137     66      -     97     13      0      0      -      -   3615   1531  11421      2      0 
 02:37:26       0    156     72      -     95     13      0      0      -      -   3615   1531  11421      2      0 
 02:37:26       1    165     71      -     95     13      0      0      -      -   3615   1531  11421      2      0 
 02:37:26       2    170     70      -     97     15      0      0      -      -   3615   1531  11421      2      0 
 02:37:26       3    166     66      -     96     16      0      0      -      -   3615   1531  11421      2      0 
 02:37:56       0    131     72      -     95     15      0      0      -      -   3615   1531  11421      2      0 
 02:37:56       1    162     71      -     95     13      0      0      -      -   3615   1531  11421      2      0 
 02:37:56       2    167     70      -     97     15      0      0      -      -   3615   1531  11421      2      0 
 02:37:56       3    139     66      -     96     14      0      0      -      -   3615   1531  11421      2      0 
 02:38:26       0    145     72      -     95     13      0      0      -      -   3615   1531  11421      2      0 
 02:38:26       1    130     70      -     94     14      0      0      -      -   3615   1531  11421      2      0 
 02:38:26       2    140     69      -     96     14      0      0      -      -   3615   1531  11421      2      0 
 02:38:26       3    119     66      -     97     13      0      0      -      -   3615   1531  11421      2      0 
 02:38:56       0    168     72      -     96     13      0      0      -      -   3615   1531  11421      2      0 
 02:38:56       1    170     71      -     95     14      0      0      -      -   3615   1531  11421      2      0 
 02:38:56       2    156     70      -     97     13      0      0      -      -   3615   1531  11421      2      0 
 02:38:56       3    128     66      -     97     13      0      0      -      -   3615   1531  11421      2      0 
 02:39:26       0    137     71      -     96     13      0      0      -      -   3615   1531  11421      2      0 
 02:39:26       1    149     70      -     95     13      0      0      -      -   3615   1531  11421      2      0 
 02:39:26       2    157     69      -     97     13      0      0      -      -   3615   1531  11421      2      0 
 02:39:26       3    159     66      -     97     14      0      0      -      -   3615   1531  11421      2      0 
 02:39:56       0    143     71      -     96     13      0      0      -      -   3615   1531  11421      2      0 
 02:39:56       1    132     71      -     95     13      0      0      -      -   3615   1531  11421      2      0 
 02:39:56       2    145     69      -     97     13      0      0      -      -   3615   1531  11421      2      0 
 02:39:56       3    132     66      -     97     12      0      0      -      -   3615   1531  11421      2      0 
 02:40:26       0    162     71      -     96     13      0      0      -      -   3615   1531  11421      2      0 
 02:40:26       1    171     70      -     96     13      0      0      -      -   3615   1531  11421      2      0 
 02:40:26       2    172     69      -     97     13      0      0      -      -   3615   1531  11421      2      0 
 02:40:26       3    171     66      -     97     13      0      0      -      -   3615   1531  11421      2      0 
 02:40:56       0    178     71      -     96     12      0      0      -      -   3615   1531  11421      2      0 
 02:40:56       1    184     70      -     96     12      0      0      -      -   3615   1531  11421      2      0 
 02:40:56       2    183     69      -     97     13      0      0      -      -   3615   1531  11421      2      0 
 02:40:56       3    176     66      -     97     13      0      0      -      -   3615   1531  11421      2      0 
 02:41:26       0    125     71      -     96     13      0      0      -      -   3615   1531  11421      2      0 
 02:41:26       1    137     70      -     95     13      0      0      -      -   3615   1531  11421      2      0 
 02:41:26       2    160     69      -     97     12      0      0      -      -   3615   1531  11421      2      0 
 02:41:26       3    145     66      -     97     13      0      0      -      -   3615   1531  11421      2      0 
 02:41:56       0    155     71      -     96     12      0      0      -      -   3615   1531  11421      2      0 
 02:41:56       1    164     70      -     96     13      0      0      -      -   3615   1531  11421      2      0 
 02:41:56       2    168     69      -     97     11      0      0      -      -   3615   1531  11421      2      0 
 02:41:56       3    168     66      -     97     11      0      0      -      -   3615   1531  11421      2      0 
#Time         gpu    pwr  gtemp  mtemp     sm    mem    enc    dec    jpg    ofa   mclk   pclk     fb   bar1   ccpm 
#HH:MM:SS     Idx      W      C      C      %      %      %      %      %      %    MHz    MHz     MB     MB     MB 
 02:42:26       0    129     72      -     96     11      0      0      -      -   3615   1531  11421      2      0 
 02:42:26       1    157     71      -     96     12      0      0      -      -   3615   1531  11421      2      0 
 02:42:26       2    167     69      -     98     11      0      0      -      -   3615   1531  11421      2      0 
 02:42:26       3    140     66      -     97     13      0      0      -      -   3615   1531  11421      2      0 
 02:42:56       0    154     72      -     96     13      0      0      -      -   3615   1531  11421      2      0 
 02:42:56       1    141     71      -     95     13      0      0      -      -   3615   1531  11421      2      0 
 02:42:56       2    144     69      -     98     11      0      0      -      -   3615   1531  11421      2      0 
 02:42:56       3    164     66      -     98     11      0      0      -      -   3615   1531  11421      2      0 
 02:43:26       0    141     72      -     95     12      0      0      -      -   3615   1531  11421      2      0 
 02:43:26       1    150     71      -     96     11      0      0      -      -   3615   1531  11421      2      0 
 02:43:26       2    130     70      -     97     12      0      0      -      -   3615   1531  11421      2      0 
 02:43:26       3    134     66      -     97     12      0      0      -      -   3615   1531  11421      2      0 
 02:43:56       0    132     72      -     97     10      0      0      -      -   3615   1531  11421      2      0 
 02:43:56       1    141     71      -     96     12      0      0      -      -   3615   1531  11421      2      0 
 02:43:56       2    171     69      -     97     12      0      0      -      -   3615   1531  11421      2      0 
 02:43:56       3    143     66      -     97     13      0      0      -      -   3615   1531  11421      2      0 
 02:44:26       0    136     72      -     96     13      0      0      -      -   3615   1531  11421      2      0 
 02:44:26       1    124     71      -     97     11      0      0      -      -   3615   1531  11421      2      0 
 02:44:26       2    149     69      -     97     13      0      0      -      -   3615   1531  11421      2      0 
 02:44:26       3    155     66      -     97     13      0      0      -      -   3615   1531  11421      2      0 
 02:44:56       0    142     72      -     96      9      0      0      -      -   3615   1531  11421      2      0 
 02:44:56       1    137     70      -     96     13      0      0      -      -   3615   1531  11421      2      0 
 02:44:56       2    147     69      -     98     10      0      0      -      -   3615   1531  11421      2      0 
 02:44:56       3    132     66      -     97     12      0      0      -      -   3615   1531  11421      2      0 
 02:45:26       0    142     72      -     96     13      0      0      -      -   3615   1531  11421      2      0 
 02:45:26       1    144     71      -     96     12      0      0      -      -   3615   1531  11421      2      0 
 02:45:26       2    132     69      -     98     10      0      0      -      -   3615   1531  11421      2      0 
 02:45:26       3    127     66      -     98      9      0      0      -      -   3615   1531  11421      2      0 
 02:45:56       0    156     71      -     95     13      0      0      -      -   3615   1531  11421      2      0 
 02:45:56       1    134     71      -     96     10      0      0      -      -   3615   1531  11421      2      0 
 02:45:56       2    145     69      -     97     13      0      0      -      -   3615   1531  11421      2      0 
 02:45:56       3    141     66      -     97      9      0      0      -      -   3615   1531  11421      2      0 
 02:46:26       0    185     71      -     48      4      0      0      -      -   3615   1531  11421      2      0 
 02:46:26       1    188     70      -     72      5      0      0      -      -   3615   1531  11421      2      0 
 02:46:26       2    184     69      -     30      3      0      0      -      -   3615   1531  11421      2      0 
 02:46:26       3    173     66      -     24      3      0      0      -      -   3615   1531  11421      2      0 
 02:46:56       0     67     70      -     90      5      0      0      -      -   3615   1531  11421      2      0 
 02:46:56       1     67     69      -     76      6      0      0      -      -   3615   1531  11421      2      0 
 02:46:56       2     72     68      -     75      5      0      0      -      -   3615   1531  11421      2      0 
 02:46:56       3     66     65      -     85      5      0      0      -      -   3615   1531  11421      2      0 
 02:47:26       0    165     71      -     51      5      0      0      -      -   3615   1531  11421      2      0 
 02:47:26       1    151     70      -     54      4      0      0      -      -   3615   1531  11421      2      0 
 02:47:26       2    134     69      -     85      5      0      0      -      -   3615   1531  11421      2      0 
 02:47:26       3    114     66      -     92      6      0      0      -      -   3615   1531  11421      2      0 
#Time         gpu    pwr  gtemp  mtemp     sm    mem    enc    dec    jpg    ofa   mclk   pclk     fb   bar1   ccpm 
#HH:MM:SS     Idx      W      C      C      %      %      %      %      %      %    MHz    MHz     MB     MB     MB 
 02:47:56       0     68     71      -     96     11      0      0      -      -   3615   1531  11421      2      0 
 02:47:56       1     69     70      -     95     13      0      0      -      -   3615   1531  11421      2      0 
 02:47:56       2     74     69      -     98     11      0      0      -      -   3615   1531  11421      2      0 
 02:47:56       3     67     66      -     99      9      0      0      -      -   3615   1531  11421      2      0 
 02:48:26       0    135     72      -     98      8      0      0      -      -   3615   1531  11421      2      0 
 02:48:26       1    121     70      -     98      8      0      0      -      -   3615   1531  11421      2      0 
 02:48:26       2    149     69      -     97     13      0      0      -      -   3615   1531  11421      2      0 
 02:48:26       3    156     66      -     97     12      0      0      -      -   3615   1531  11421      2      0 
 02:48:56       0    162     71      -     98     10      0      0      -      -   3615   1531  11421      2      0 
 02:48:56       1    157     70      -     95     13      0      0      -      -   3615   1531  11421      2      0 
 02:48:56       2    139     69      -     99      8      0      0      -      -   3615   1531  11421      2      0 
 02:48:56       3    119     66      -     99      8      0      0      -      -   3615   1531  11421      2      0 
 02:49:26       0    184     71      -     98      9      0      0      -      -   3615   1531  11421      2      0 
 02:49:26       1    186     70      -     98      7      0      0      -      -   3615   1531  11421      2      0 
 02:49:26       2    189     69      -     98      9      0      0      -      -   3615   1531  11421      2      0 
 02:49:26       3    182     66      -     97     12      0      0      -      -   3615   1531  11421      2      0 
 02:49:56       0    140     72      -     95     13      0      0      -      -   3615   1531  11421      2      0 
 02:49:56       1    130     70      -     96     13      0      0      -      -   3615   1531  11421      2      0 
 02:49:56       2    155     69      -     98     11      0      0      -      -   3615   1531  11421      2      0 
 02:49:56       3    154     66      -     98     10      0      0      -      -   3615   1531  11421      2      0 
 02:50:26       0    160     71      -     96     13      0      0      -      -   3615   1531  11421      2      0 
 02:50:26       1    167     70      -     98      8      0      0      -      -   3615   1531  11421      2      0 
 02:50:26       2    174     69      -     97     13      0      0      -      -   3615   1531  11421      2      0 
 02:50:26       3    170     66      -     99      7      0      0      -      -   3615   1531  11421      2      0 
 02:50:56       0    134     71      -     96     12      0      0      -      -   3615   1531  11421      2      0 
 02:50:56       1    148     70      -     99      7      0      0      -      -   3615   1531  11421      2      0 
 02:50:56       2    143     69      -     99      9      0      0      -      -   3615   1531  11421      2      0 
 02:50:56       3    117     66      -     99      8      0      0      -      -   3615   1531  11421      2      0 
 02:51:26       0    134     70      -     49      4      0      0      -      -   3615   1531  11421      2      0 
 02:51:26       1    120     69      -     43      5      0      0      -      -   3615   1531  11421      2      0 
 02:51:26       2    126     68      -     67      4      0      0      -      -   3615   1531  11421      2      0 
 02:51:26       3    105     65      -     92      6      0      0      -      -   3615   1531  11421      2      0 
 02:51:56       0    182     71      -     96     12      0      0      -      -   3615   1531  11421      2      0 
 02:51:56       1    185     70      -     99      7      0      0      -      -   3615   1531  11421      2      0 
 02:51:56       2    187     69      -     98     10      0      0      -      -   3615   1531  11421      2      0 
 02:51:56       3    182     66      -     98     10      0      0      -      -   3615   1531  11421      2      0 
 02:52:26       0    162     71      -     98      8      0      0      -      -   3615   1531  11421      2      0 
 02:52:26       1    162     70      -     96     12      0      0      -      -   3615   1531  11421      2      0 
 02:52:26       2    137     69      -     99      7      0      0      -      -   3615   1531  11421      2      0 
 02:52:26       3    149     66      -     97     12      0      0      -      -   3615   1531  11421      2      0 
 02:52:56       0    177     71      -     96     13      0      0      -      -   3615   1531  11421      2      0 
 02:52:56       1    174     70      -     96     13      0      0      -      -   3615   1531  11421      2      0 
 02:52:56       2    181     69      -     98     10      0      0      -      -   3615   1531  11421      2      0 
 02:52:56       3    167     66      -     99      8      0      0      -      -   3615   1531  11421      2      0 
#Time         gpu    pwr  gtemp  mtemp     sm    mem    enc    dec    jpg    ofa   mclk   pclk     fb   bar1   ccpm 
#HH:MM:SS     Idx      W      C      C      %      %      %      %      %      %    MHz    MHz     MB     MB     MB 
 02:53:26       0    186     70      -     40      4      0      0      -      -   3615   1531  11421      2      0 
 02:53:26       1    188     69      -     55      4      0      0      -      -   3615   1531  11421      2      0 
 02:53:26       2    184     68      -     42      3      0      0      -      -   3615   1531  11421      2      0 
 02:53:26       3    178     65      -     42      3      0      0      -      -   3615   1531  11421      2      0 
 02:53:56       0     67     71      -     74      5      0      0      -      -   3615   1531  11421      2      0 
 02:53:56       1     67     69      -     80      7      0      0      -      -   3615   1531  11421      2      0 
 02:53:56       2     72     68      -     60      4      0      0      -      -   3615   1531  11421      2      0 
 02:53:56       3     66     65      -     98      6      0      0      -      -   3615   1531  11421      2      0 
 02:54:26       0    180     71      -     96     13      0      0      -      -   3615   1531  11421      2      0 
 02:54:26       1    183     70      -     97     10      0      0      -      -   3615   1531  11421      2      0 
 02:54:26       2    186     69      -     97     13      0      0      -      -   3615   1531  11421      2      0 
 02:54:26       3    179     66      -     97     12      0      0      -      -   3615   1531  11421      2      0 
 02:54:56       0    141     71      -    100      5      0      0      -      -   3615   1531  11421      2      0 
 02:54:56       1    124     70      -     96     11      0      0      -      -   3615   1531  11421      2      0 
 02:54:56       2    140     68      -     99      6      0      0      -      -   3615   1531  11421      2      0 
 02:54:56       3    154     66      -     97     11      0      0      -      -   3615   1531  11421      2      0 
 02:55:26       0     66     70      -     99      7      0      0      -      -   3615   1531  11421      2      0 
 02:55:26       1     68     69      -    100      5      0      0      -      -   3615   1531  11421      2      0 
 02:55:26       2     72     68      -     66      5      0      0      -      -   3615   1531  11421      2      0 
 02:55:26       3     64     65      -     70      5      0      0      -      -   3615   1531  11421      2      0 
 02:55:56       0    160     71      -     94     13      0      0      -      -   3615   1531  11421      2      0 
 02:55:56       1    164     70      -     98      9      0      0      -      -   3615   1531  11421      2      0 
 02:55:56       2    148     69      -     96     13      0      0      -      -   3615   1531  11421      2      0 
 02:55:56       3    142     66      -     98      9      0      0      -      -   3615   1531  11421      2      0 
 02:56:26       0     66     70      -     90      5      0      0      -      -   3615   1531  11421      2      0 
 02:56:26       1     67     69      -     67      5      0      0      -      -   3615   1531  11421      2      0 
 02:56:26       2     71     68      -     97      6      0      0      -      -   3615   1531  11421      2      0 
 02:56:26       3     65     65      -    100      4      0      0      -      -   3615   1531  11421      2      0 
 02:56:56       0    130     71      -     98      8      0      0      -      -   3615   1531  11421      2      0 
 02:56:56       1    144     70      -    100      6      0      0      -      -   3615   1531  11421      2      0 
 02:56:56       2    154     69      -     99      7      0      0      -      -   3615   1531  11421      2      0 
 02:56:56       3    156     66      -     98      9      0      0      -      -   3615   1531  11421      2      0 
 02:57:26       0    151     72      -     95     12      0      0      -      -   3615   1531  11421      2      0 
 02:57:26       1    166     70      -     97     11      0      0      -      -   3615   1531  11421      2      0 
 02:57:26       2    148     69      -     99      7      0      0      -      -   3615   1531  11421      2      0 
 02:57:26       3    140     66      -    100      5      0      0      -      -   3615   1531  11421      2      0 
 02:57:56       0    151     71      -     97      9      0      0      -      -   3615   1531  11421      2      0 
 02:57:56       1    133     70      -     97     11      0      0      -      -   3615   1531  11421      2      0 
 02:57:56       2    141     69      -     98     10      0      0      -      -   3615   1531  11421      2      0 
 02:57:56       3    142     66      -     99      7      0      0      -      -   3615   1531  11421      2      0 
 02:58:26       0    172     72      -     98      9      0      0      -      -   3615   1531  11421      2      0 
 02:58:26       1    179     70      -     98      8      0      0      -      -   3615   1531  11421      2      0 
 02:58:26       2    173     69      -     99      7      0      0      -      -   3615   1531  11421      2      0 
 02:58:26       3    160     66      -     97     12      0      0      -      -   3615   1531  11421      2      0 
#Time         gpu    pwr  gtemp  mtemp     sm    mem    enc    dec    jpg    ofa   mclk   pclk     fb   bar1   ccpm 
#HH:MM:SS     Idx      W      C      C      %      %      %      %      %      %    MHz    MHz     MB     MB     MB 
 02:58:56       0    184     72      -     97     10      0      0      -      -   3615   1531  11421      2      0 
 02:58:56       1    191     71      -     95     13      0      0      -      -   3615   1531  11421      2      0 
 02:58:56       2    185     69      -     98     10      0      0      -      -   3615   1531  11421      2      0 
 02:58:56       3    177     66      -     99      8      0      0      -      -   3615   1531  11421      2      0 
 02:59:26       0    184     71      -     96     11      0      0      -      -   3615   1531  11421      2      0 
 02:59:26       1    190     70      -     98      8      0      0      -      -   3615   1531  11421      2      0 
 02:59:26       2    186     69      -     98     11      0      0      -      -   3615   1531  11421      2      0 
 02:59:26       3    182     66      -     98     11      0      0      -      -   3615   1531  11421      2      0 
 02:59:56       0    185     71      -     96     13      0      0      -      -   3615   1531  11421      2      0 
 02:59:56       1    187     70      -     98      9      0      0      -      -   3615   1531  11421      2      0 
 02:59:56       2    189     69      -     98     11      0      0      -      -   3615   1531  11421      2      0 
 02:59:56       3    183     66      -     97     13      0      0      -      -   3615   1531  11421      2      0 
 03:00:26       0     39     63      -      0      0      0      0      -      -    405    544      0      2      0 
 03:00:26       1     14     61      -      0      0      0      0      -      -    405    544      0      2      0 
 03:00:26       2     16     62      -      0      0      0      0      -      -    405    544      0      2      0 
 03:00:26       3     14     57      -      0      0      0      0      -      -    405    544      0      2      0 
 03:00:56       0    133     63      -     94     19      0      0      -      -   3615   1531  10659      2      0 
 03:00:56       1    122     62      -     94     19      0      0      -      -   3615   1531  10659      2      0 
 03:00:56       2    127     61      -     89     19      0      0      -      -   3615   1531  10659      2      0 
 03:00:56       3    142     58      -     89     19      0      0      -      -   3615   1531  10659      2      0 
 03:01:26       0    155     64      -     94     18      0      0      -      -   3615   1531  10659      2      0 
 03:01:26       1    130     63      -     94     18      0      0      -      -   3615   1531  10659      2      0 
 03:01:26       2    141     63      -     90     18      0      0      -      -   3615   1531  10659      2      0 
 03:01:26       3    160     60      -     90     18      0      0      -      -   3615   1531  10659      2      0 
 03:01:57       0    139     66      -     94     17      0      0      -      -   3615   1531  10659      2      0 
 03:01:57       1    125     65      -     95     17      0      0      -      -   3615   1531  10659      2      0 
 03:01:57       2    142     64      -     91     17      0      0      -      -   3615   1531  10659      2      0 
 03:01:57       3    131     62      -     92     17      0      0      -      -   3615   1531  10659      2      0 
 03:02:27       0    126     67      -     95     18      0      0      -      -   3615   1531  10659      2      0 
 03:02:27       1    137     67      -     95     17      0      0      -      -   3615   1531  10659      2      0 
 03:02:27       2    141     65      -     91     18      0      0      -      -   3615   1531  10659      2      0 
 03:02:27       3    119     63      -     90     18      0      0      -      -   3615   1531  10659      2      0 
 03:02:57       0    131     69      -     95     17      0      0      -      -   3615   1531  10659      2      0 
 03:02:57       1    145     68      -     95     17      0      0      -      -   3615   1531  10659      2      0 
 03:02:57       2    153     67      -     93     14      0      0      -      -   3615   1531  10659      2      0 
 03:02:57       3    154     64      -     91     16      0      0      -      -   3615   1531  10659      2      0 
 03:03:27       0    169     70      -     96     14      0      0      -      -   3615   1531  10659      2      0 
 03:03:27       1    163     68      -     95     16      0      0      -      -   3615   1531  10659      2      0 
 03:03:27       2    142     67      -     91     16      0      0      -      -   3615   1531  10659      2      0 
 03:03:27       3    137     64      -     93     14      0      0      -      -   3615   1531  10659      2      0 
 03:03:57       0    132     70      -     95     16      0      0      -      -   3615   1531  10659      2      0 
 03:03:57       1    152     69      -     95     16      0      0      -      -   3615   1531  10659      2      0 
 03:03:57       2    159     68      -     91     16      0      0      -      -   3615   1531  10659      2      0 
 03:03:57       3    159     65      -     94     13      0      0      -      -   3615   1531  10659      2      0 
#Time         gpu    pwr  gtemp  mtemp     sm    mem    enc    dec    jpg    ofa   mclk   pclk     fb   bar1   ccpm 
#HH:MM:SS     Idx      W      C      C      %      %      %      %      %      %    MHz    MHz     MB     MB     MB 
 03:04:27       0    166     71      -     95     15      0      0      -      -   3615   1531  10659      2      0 
 03:04:27       1    155     70      -     95     14      0      0      -      -   3615   1531  10659      2      0 
 03:04:27       2    134     69      -     92     16      0      0      -      -   3615   1531  10659      2      0 
 03:04:27       3    153     65      -     92     15      0      0      -      -   3615   1531  10659      2      0 
 03:04:57       0    128     71      -     96     13      0      0      -      -   3615   1531  10659      2      0 
 03:04:57       1    121     70      -     96     13      0      0      -      -   3615   1531  10659      2      0 
 03:04:57       2    151     69      -     93     13      0      0      -      -   3615   1531  10659      2      0 
 03:04:57       3    128     66      -     93     13      0      0      -      -   3615   1531  10659      2      0 
 03:05:27       0    129     71      -     96     14      0      0      -      -   3615   1531  10659      2      0 
 03:05:27       1    139     71      -     96     14      0      0      -      -   3615   1531  10659      2      0 
 03:05:27       2    151     69      -     92     14      0      0      -      -   3615   1531  10659      2      0 
 03:05:27       3    152     66      -     93     15      0      0      -      -   3615   1531  10659      2      0 
 03:05:57       0    151     72      -     96     14      0      0      -      -   3615   1531  10659      2      0 
 03:05:57       1    134     71      -     96     14      0      0      -      -   3615   1531  10659      2      0 
 03:05:57       2    149     69      -     93     15      0      0      -      -   3615   1531  10659      2      0 
 03:05:57       3    131     66      -     93     14      0      0      -      -   3615   1531  10659      2      0 
 03:06:27       0    163     72      -     96     13      0      0      -      -   3615   1531  10659      2      0 
 03:06:27       1    135     71      -     96     14      0      0      -      -   3615   1531  10659      2      0 
 03:06:27       2    145     70      -     93     15      0      0      -      -   3615   1531  10659      2      0 
 03:06:27       3    136     66      -     94     13      0      0      -      -   3615   1531  10659      2      0 
 03:06:57       0    145     72      -     96     13      0      0      -      -   3615   1531  10659      2      0 
 03:06:57       1    159     71      -     96     13      0      0      -      -   3615   1531  10659      2      0 
 03:06:57       2    140     70      -     94     12      0      0      -      -   3615   1531  10659      2      0 
 03:06:57       3    134     66      -     93     13      0      0      -      -   3615   1531  10659      2      0 
 03:07:27       0    150     72      -     96     13      0      0      -      -   3615   1531  10659      2      0 
 03:07:27       1    151     71      -     96     14      0      0      -      -   3615   1531  10659      2      0 
 03:07:27       2    132     70      -     93     14      0      0      -      -   3615   1531  10659      2      0 
 03:07:27       3    136     66      -     94     13      0      0      -      -   3615   1531  10659      2      0 
 03:07:57       0    147     72      -     96     13      0      0      -      -   3615   1531  10659      2      0 
 03:07:57       1    134     71      -     96     13      0      0      -      -   3615   1531  10659      2      0 
 03:07:57       2    149     70      -     94     12      0      0      -      -   3615   1531  10659      2      0 
 03:07:57       3    135     67      -     94     13      0      0      -      -   3615   1531  10659      2      0 
 03:08:27       0    131     72      -     96     12      0      0      -      -   3615   1531  10659      2      0 
 03:08:27       1    139     71      -     96     12      0      0      -      -   3615   1531  10659      2      0 
 03:08:27       2    143     69      -     94     12      0      0      -      -   3615   1531  10659      2      0 
 03:08:27       3    117     66      -     94     12      0      0      -      -   3615   1531  10659      2      0 
 03:08:57       0    137     71      -     96     12      0      0      -      -   3615   1531  10659      2      0 
 03:08:57       1    124     71      -     97     11      0      0      -      -   3615   1531  10659      2      0 
 03:08:57       2    140     69      -     93     13      0      0      -      -   3615   1531  10659      2      0 
 03:08:57       3    161     66      -     94     11      0      0      -      -   3615   1531  10659      2      0 
 03:09:27       0    168     72      -     96     11      0      0      -      -   3615   1531  10659      2      0 
 03:09:27       1    170     71      -     97     12      0      0      -      -   3615   1531  10659      2      0 
 03:09:27       2    166     69      -     94     12      0      0      -      -   3615   1531  10659      2      0 
 03:09:27       3    135     66      -     93     12      0      0      -      -   3615   1531  10659      2      0 
#Time         gpu    pwr  gtemp  mtemp     sm    mem    enc    dec    jpg    ofa   mclk   pclk     fb   bar1   ccpm 
#HH:MM:SS     Idx      W      C      C      %      %      %      %      %      %    MHz    MHz     MB     MB     MB 
 03:09:57       0    134     72      -     96     12      0      0      -      -   3615   1531  10659      2      0 
 03:09:57       1    150     71      -     97     12      0      0      -      -   3615   1531  10659      2      0 
 03:09:57       2    171     69      -     94     12      0      0      -      -   3615   1531  10659      2      0 
 03:09:57       3    144     66      -     94     12      0      0      -      -   3615   1531  10659      2      0 
 03:10:27       0    178     71      -     97     11      0      0      -      -   3615   1531  10659      2      0 
 03:10:27       1    184     71      -     97     11      0      0      -      -   3615   1531  10659      2      0 
 03:10:27       2    184     69      -     95     11      0      0      -      -   3615   1531  10659      2      0 
 03:10:27       3    181     66      -     95     11      0      0      -      -   3615   1531  10659      2      0 
 03:10:57       0    140     71      -     95      9      0      0      -      -   3615   1531  10659      2      0 
 03:10:57       1    128     70      -     54      9      0      0      -      -   3615   1531  10659      2      0 
 03:10:57       2    141     69      -     87      9      0      0      -      -   3615   1531  10659      2      0 
 03:10:57       3    147     66      -     85      9      0      0      -      -   3615   1531  10659      2      0 
 03:11:27       0    179     71      -     96     12      0      0      -      -   3615   1531  10659      2      0 
 03:11:27       1    185     70      -     96     12      0      0      -      -   3615   1531  10659      2      0 
 03:11:27       2    184     69      -     96     10      0      0      -      -   3615   1531  10659      2      0 
 03:11:27       3    180     66      -     94     12      0      0      -      -   3615   1531  10659      2      0 
 03:11:57       0    121     72      -     98     10      0      0      -      -   3615   1531  10659      2      0 
 03:11:57       1    153     71      -     97     13      0      0      -      -   3615   1531  10659      2      0 
 03:11:57       2    163     69      -     95     11      0      0      -      -   3615   1531  10659      2      0 
 03:11:57       3    137     66      -     95     12      0      0      -      -   3615   1531  10659      2      0 
 03:12:27       0    125     71      -     96      7      0      0      -      -   3615   1531  10659      2      0 
 03:12:27       1    137     70      -     98     10      0      0      -      -   3615   1531  10659      2      0 
 03:12:27       2    121     68      -     56      4      0      0      -      -   3615   1531  10659      2      0 
 03:12:27       3    121     65      -     96     10      0      0      -      -   3615   1531  10659      2      0 
 03:12:57       0    122     71      -     80      5      0      0      -      -   3615   1531  10659      2      0 
 03:12:57       1    160     70      -     93      9      0      0      -      -   3615   1531  10659      2      0 
 03:12:57       2    142     68      -     82      6      0      0      -      -   3615   1531  10659      2      0 
 03:12:57       3    122     66      -     82      7      0      0      -      -   3615   1531  10659      2      0 
 03:13:27       0    180     71      -     96     12      0      0      -      -   3615   1531  10659      2      0 
 03:13:27       1    183     70      -     97     12      0      0      -      -   3615   1531  10659      2      0 
 03:13:27       2    183     69      -     97      9      0      0      -      -   3615   1531  10659      2      0 
 03:13:27       3    179     66      -     94     12      0      0      -      -   3615   1531  10659      2      0 
 03:13:57       0    153     72      -     98      9      0      0      -      -   3615   1531  10659      2      0 
 03:13:57       1    163     70      -     97     11      0      0      -      -   3615   1531  10659      2      0 
 03:13:57       2    140     69      -     96     10      0      0      -      -   3615   1531  10659      2      0 
 03:13:57       3    137     66      -     97      9      0      0      -      -   3615   1531  10659      2      0 
 03:14:27       0    147     71      -     97     10      0      0      -      -   3615   1531  10659      2      0 
 03:14:27       1    142     70      -     96     12      0      0      -      -   3615   1531  10659      2      0 
 03:14:27       2    126     69      -     95     12      0      0      -      -   3615   1531  10659      2      0 
 03:14:27       3    142     66      -     96     10      0      0      -      -   3615   1531  10659      2      0 
 03:14:57       0    184     71      -     96     13      0      0      -      -   3615   1531  10659      2      0 
 03:14:57       1    184     70      -     97     12      0      0      -      -   3615   1531  10659      2      0 
 03:14:57       2    179     69      -     93     12      0      0      -      -   3615   1531  10659      2      0 
 03:14:57       3    173     66      -     93     13      0      0      -      -   3615   1531  10659      2      0 
#Time         gpu    pwr  gtemp  mtemp     sm    mem    enc    dec    jpg    ofa   mclk   pclk     fb   bar1   ccpm 
#HH:MM:SS     Idx      W      C      C      %      %      %      %      %      %    MHz    MHz     MB     MB     MB 
 03:15:27       0     67     71      -     97     13      0      0      -      -   3615   1531  10659      2      0 
 03:15:27       1     67     70      -     75      5      0      0      -      -   3615   1531  10659      2      0 
 03:15:27       2     72     68      -     65      5      0      0      -      -   3615   1531  10659      2      0 
 03:15:27       3     65     65      -     49      4      0      0      -      -   3615   1531  10659      2      0 
 03:15:57       0    182     71      -     96     13      0      0      -      -   3615   1531  10659      2      0 
 03:15:57       1    185     70      -     97     13      0      0      -      -   3615   1531  10659      2      0 
 03:15:57       2    183     68      -     94     13      0      0      -      -   3615   1531  10659      2      0 
 03:15:57       3    180     66      -     94     12      0      0      -      -   3615   1531  10659      2      0 
 03:16:27       0    181     71      -     98      9      0      0      -      -   3615   1531  10659      2      0 
 03:16:27       1    184     70      -     99      8      0      0      -      -   3615   1531  10659      2      0 
 03:16:27       2    182     69      -     98      7      0      0      -      -   3615   1531  10659      2      0 
 03:16:27       3    179     66      -     95     10      0      0      -      -   3615   1531  10659      2      0 
 03:16:57       0    184     71      -     96     13      0      0      -      -   3615   1531  10659      2      0 
 03:16:57       1    186     70      -     97     13      0      0      -      -   3615   1531  10659      2      0 
 03:16:57       2    187     69      -     97      9      0      0      -      -   3615   1531  10659      2      0 
 03:16:57       3    181     66      -     98      7      0      0      -      -   3615   1531  10659      2      0 
 03:17:27       0    133     71      -     96     12      0      0      -      -   3615   1531  10659      2      0 
 03:17:27       1    138     70      -     98      9      0      0      -      -   3615   1531  10659      2      0 
 03:17:27       2    150     69      -     98      8      0      0      -      -   3615   1531  10659      2      0 
 03:17:27       3    115     66      -     94     13      0      0      -      -   3615   1531  10659      2      0 
 03:17:57       0    179     71      -     43      8      0      0      -      -   3615   1531  10659      2      0 
 03:17:57       1    186     70      -     41      6      0      0      -      -   3615   1531  10659      2      0 
 03:17:57       2    183     68      -     73     10      0      0      -      -   3615   1531  10659      2      0 
 03:17:57       3    180     66      -     55      9      0      0      -      -   3615   1531  10659      2      0 
 03:18:27       0    127     71      -     99      6      0      0      -      -   3615   1531  10659      2      0 
 03:18:27       1    153     70      -     98     10      0      0      -      -   3615   1531  10659      2      0 
 03:18:27       2    138     69      -     96     10      0      0      -      -   3615   1531  10659      2      0 
 03:18:27       3    118     66      -     98      7      0      0      -      -   3615   1531  10659      2      0 
 03:18:57       0    184     71      -     98     10      0      0      -      -   3615   1531  10659      2      0 
 03:18:57       1    185     70      -     95     12      0      0      -      -   3615   1531  10659      2      0 
 03:18:57       2    185     69      -     97      9      0      0      -      -   3615   1531  10659      2      0 
 03:18:57       3    180     66      -     97      9      0      0      -      -   3615   1531  10659      2      0 
 03:19:27       0    181     71      -     98      9      0      0      -      -   3615   1531  10659      2      0 
 03:19:27       1    183     70      -     97     12      0      0      -      -   3615   1531  10659      2      0 
 03:19:27       2    183     69      -     94     12      0      0      -      -   3615   1531  10659      2      0 
 03:19:27       3    179     66      -     97      8      0      0      -      -   3615   1531  10659      2      0 
 03:19:57       0    137     71      -     98     10      0      0      -      -   3615   1531  10659      2      0 
 03:19:57       1    163     70      -     96     13      0      0      -      -   3615   1531  10659      2      0 
 03:19:57       2    144     69      -     93     12      0      0      -      -   3615   1531  10659      2      0 
 03:19:57       3    128     66      -     97      9      0      0      -      -   3615   1531  10659      2      0 
 03:20:27       0    173     71      -     95     12      0      0      -      -   3615   1531  10659      2      0 
 03:20:27       1    171     70      -     97     12      0      0      -      -   3615   1531  10659      2      0 
 03:20:27       2    169     69      -     93     12      0      0      -      -   3615   1531  10659      2      0 
 03:20:27       3    162     66      -     92     12      0      0      -      -   3615   1531  10659      2      0 
#Time         gpu    pwr  gtemp  mtemp     sm    mem    enc    dec    jpg    ofa   mclk   pclk     fb   bar1   ccpm 
#HH:MM:SS     Idx      W      C      C      %      %      %      %      %      %    MHz    MHz     MB     MB     MB 
 03:20:57       0    129     71      -     97     11      0      0      -      -   3615   1531  10659      2      0 
 03:20:57       1    142     70      -     97     11      0      0      -      -   3615   1531  10659      2      0 
 03:20:57       2    157     68      -     96     10      0      0      -      -   3615   1531  10659      2      0 
 03:20:57       3    157     66      -     95     11      0      0      -      -   3615   1531  10659      2      0 
 03:21:27       0    166     71      -     97     12      0      0      -      -   3615   1531  10659      2      0 
 03:21:27       1    169     70      -     97     12      0      0      -      -   3615   1531  10659      2      0 
 03:21:27       2    167     69      -     98      8      0      0      -      -   3615   1531  10659      2      0 
 03:21:27       3    158     66      -     95     11      0      0      -      -   3615   1531  10659      2      0 
 03:21:57       0    184     71      -     96     13      0      0      -      -   3615   1531  10659      2      0 
 03:21:57       1    186     70      -     97     13      0      0      -      -   3615   1531  10659      2      0 
 03:21:57       2    185     69      -     94     13      0      0      -      -   3615   1531  10659      2      0 
 03:21:57       3    181     66      -     94     13      0      0      -      -   3615   1531  10659      2      0 
 03:22:27       0    180     71      -    100      6      0      0      -      -   3615   1531  10659      2      0 
 03:22:27       1    186     70      -     97     13      0      0      -      -   3615   1531  10659      2      0 
 03:22:27       2    182     68      -     97      8      0      0      -      -   3615   1531  10659      2      0 
 03:22:27       3    179     66      -     98      7      0      0      -      -   3615   1531  10659      2      0 
 03:22:57       0    167     71      -     96     12      0      0      -      -   3615   1531  10659      2      0 
 03:22:57       1    164     70      -    100      6      0      0      -      -   3615   1531  10659      2      0 
 03:22:57       2    163     69      -    100      6      0      0      -      -   3615   1531  10659      2      0 
 03:22:57       3    156     66      -     94     13      0      0      -      -   3615   1531  10659      2      0 
 03:23:27       0    118     71      -     98      9      0      0      -      -   3615   1531  10659      2      0 
 03:23:27       1    147     70      -    100      5      0      0      -      -   3615   1531  10659      2      0 
 03:23:27       2    158     68      -     95     11      0      0      -      -   3615   1531  10659      2      0 
 03:23:27       3    134     66      -     99      6      0      0      -      -   3615   1531  10659      2      0 
 03:23:57       0    145     72      -    100      4      0      0      -      -   3615   1531  10659      2      0 
 03:23:57       1    148     71      -     99      9      0      0      -      -   3615   1531  10659      2      0 
 03:23:57       2    135     69      -     97      8      0      0      -      -   3615   1531  10659      2      0 
 03:23:57       3    110     66      -     98      8      0      0      -      -   3615   1531  10659      2      0 
 03:24:27       0    147     71      -     98      9      0      0      -      -   3615   1531  10659      2      0 
 03:24:27       1    130     70      -     97     12      0      0      -      -   3615   1531  10659      2      0 
 03:24:27       2    141     69      -     94     12      0      0      -      -   3615   1531  10659      2      0 
 03:24:27       3    139     66      -     95     11      0      0      -      -   3615   1531  10659      2      0 
 03:24:57       0    133     71      -     99      7      0      0      -      -   3615   1531  10659      2      0 
 03:24:57       1    160     70      -     99      7      0      0      -      -   3615   1531  10659      2      0 
 03:24:57       2    144     69      -     97      9      0      0      -      -   3615   1531  10659      2      0 
 03:24:57       3    125     66      -     99      6      0      0      -      -   3615   1531  10659      2      0 
 03:25:27       0    144     71      -     97     12      0      0      -      -   3615   1531  10659      2      0 
 03:25:27       1    154     70      -     98     10      0      0      -      -   3615   1531  10659      2      0 
 03:25:27       2    162     68      -     97      8      0      0      -      -   3615   1531  10659      2      0 
 03:25:27       3    163     66      -     95     11      0      0      -      -   3615   1531  10659      2      0 
 03:25:57       0    157     71      -     97     11      0      0      -      -   3615   1531  10659      2      0 
 03:25:57       1    157     70      -     98     10      0      0      -      -   3615   1531  10659      2      0 
 03:25:57       2    147     69      -     98      8      0      0      -      -   3615   1531  10659      2      0 
 03:25:57       3    122     66      -     97      9      0      0      -      -   3615   1531  10659      2      0 
#Time         gpu    pwr  gtemp  mtemp     sm    mem    enc    dec    jpg    ofa   mclk   pclk     fb   bar1   ccpm 
#HH:MM:SS     Idx      W      C      C      %      %      %      %      %      %    MHz    MHz     MB     MB     MB 
 03:26:28       0    122     71      -     99      8      0      0      -      -   3615   1531  10659      2      0 
 03:26:28       1    133     70      -     98      9      0      0      -      -   3615   1531  10659      2      0 
 03:26:28       2    161     68      -     95     12      0      0      -      -   3615   1531  10659      2      0 
 03:26:28       3    137     66      -     98      8      0      0      -      -   3615   1531  10659      2      0 
 03:26:58       0    156     70      -     84     53      0      0      -      -   3615   1531  10659      2      0 
 03:26:58       1    160     69      -     84     54      0      0      -      -   3615   1531  10659      2      0 
 03:26:58       2    161     68      -     84     54      0      0      -      -   3615   1531  10659      2      0 
 03:26:58       3    156     65      -     84     53      0      0      -      -   3615   1531  10659      2      0 
 03:27:28       0     54     59      -      0      0      0      0      -      -   3615   1303   9553      2      0 
 03:27:28       1     55     58      -      0      0      0      0      -      -   3615   1303   8417      2      0 
 03:27:28       2     57     58      -      0      0      0      0      -      -   3615   1303   8417      2      0 
 03:27:28       3     54     54      -      0      0      0      0      -      -   3615   1303   8417      2      0 
 03:27:58       0     51     61      -      0      0      0      0      -      -   3615   1113      0      2      0 
 03:27:58       1     13     56      -      0      0      0      0      -      -    405    544      0      2      0 
 03:27:58       2     15     57      -      0      0      0      0      -      -    405    544      0      2      0 
 03:27:58       3     13     53      -      0      0      0      0      -      -    405    544      0      2      0 
 03:28:28       0    134     63      -     94     19      0      0      -      -   3615   1531   7995      2      0 
 03:28:28       1    124     60      -     94     19      0      0      -      -   3615   1531   7995      2      0 
 03:28:28       2    140     59      -     89     19      0      0      -      -   3615   1531   7995      2      0 
 03:28:28       3    122     57      -     90     19      0      0      -      -   3615   1531   7995      2      0 
 03:28:58       0    134     65      -     94     17      0      0      -      -   3615   1531   7995      2      0 
 03:28:58       1    115     63      -     95     18      0      0      -      -   3615   1531   7995      2      0 
 03:28:58       2    139     62      -     91     17      0      0      -      -   3615   1531   7995      2      0 
 03:28:58       3    145     60      -     90     18      0      0      -      -   3615   1531   7995      2      0 
 03:29:28       0    140     68      -     95     17      0      0      -      -   3615   1531   7995      2      0 
 03:29:28       1    127     66      -     94     18      0      0      -      -   3615   1531   7995      2      0 
 03:29:28       2    141     65      -     91     17      0      0      -      -   3615   1531   7995      2      0 
 03:29:28       3    127     63      -     91     17      0      0      -      -   3615   1531   7995      2      0 
 03:29:58       0    138     69      -     96     16      0      0      -      -   3615   1531   7995      2      0 
 03:29:58       1    150     68      -     94     17      0      0      -      -   3615   1531   7995      2      0 
 03:29:58       2    130     66      -     91     17      0      0      -      -   3615   1531   7995      2      0 
 03:29:58       3    134     64      -     91     17      0      0      -      -   3615   1531   7995      2      0 
 03:30:28       0    142     70      -     95     16      0      0      -      -   3615   1531   7995      2      0 
 03:30:28       1    126     69      -     95     17      0      0      -      -   3615   1531   7995      2      0 
 03:30:28       2    133     68      -     93     15      0      0      -      -   3615   1531   7995      2      0 
 03:30:28       3    152     65      -     92     16      0      0      -      -   3615   1531   7995      2      0 
 03:30:58       0    164     71      -     96     15      0      0      -      -   3615   1531   7995      2      0 
 03:30:58       1    172     70      -     95     16      0      0      -      -   3615   1531   7995      2      0 
 03:30:58       2    174     69      -     91     16      0      0      -      -   3615   1531   7995      2      0 
 03:30:58       3    170     66      -     91     16      0      0      -      -   3615   1531   7995      2      0 
 03:31:28       0    170     72      -     96     14      0      0      -      -   3615   1531   7995      2      0 
 03:31:28       1    166     71      -     95     16      0      0      -      -   3615   1531   7995      2      0 
 03:31:28       2    144     70      -     93     13      0      0      -      -   3615   1531   7995      2      0 
 03:31:28       3    141     66      -     93     13      0      0      -      -   3615   1531   7995      2      0 
#Time         gpu    pwr  gtemp  mtemp     sm    mem    enc    dec    jpg    ofa   mclk   pclk     fb   bar1   ccpm 
#HH:MM:SS     Idx      W      C      C      %      %      %      %      %      %    MHz    MHz     MB     MB     MB 
 03:31:58       0    174     72      -     96     15      0      0      -      -   3615   1531   7995      2      0 
 03:31:58       1    173     71      -     95     15      0      0      -      -   3615   1531   7995      2      0 
 03:31:58       2    148     70      -     92     15      0      0      -      -   3615   1531   7995      2      0 
 03:31:58       3    130     66      -     92     15      0      0      -      -   3615   1531   7995      2      0 
 03:32:28       0    177     71      -     96     15      0      0      -      -   3615   1531   7999      2      0 
 03:32:28       1    183     70      -     96     14      0      0      -      -   3615   1531   7999      2      0 
 03:32:28       2    180     69      -     92     15      0      0      -      -   3615   1531   7999      2      0 
 03:32:28       3    172     65      -     92     16      0      0      -      -   3615   1531   7999      2      0 
 03:32:58       0    135     72      -     96     13      0      0      -      -   3615   1531   7999      2      0 
 03:32:58       1    122     70      -     96     15      0      0      -      -   3615   1531   7999      2      0 
 03:32:58       2    141     69      -     92     14      0      0      -      -   3615   1531   7999      2      0 
 03:32:58       3    157     66      -     92     14      0      0      -      -   3615   1531   7999      2      0 
 03:33:28       0    151     71      -     96     14      0      0      -      -   3615   1531   7999      2      0 
 03:33:28       1    138     70      -     96     13      0      0      -      -   3615   1531   7999      2      0 
 03:33:28       2    132     69      -     92     15      0      0      -      -   3615   1531   7999      2      0 
 03:33:28       3    138     65      -     93     15      0      0      -      -   3615   1531   7999      2      0 
 03:33:58       0    119     70      -     96     14      0      0      -      -   3615   1531   7999      2      0 
 03:33:58       1    134     70      -     96     13      0      0      -      -   3615   1531   7999      2      0 
 03:33:58       2    152     68      -     94     13      0      0      -      -   3615   1531   7999      2      0 
 03:33:58       3    126     65      -     94     13      0      0      -      -   3615   1531   7999      2      0 
 03:34:28       0    180     71      -     96     14      0      0      -      -   3615   1531   7999      2      0 
 03:34:28       1    186     71      -     96     13      0      0      -      -   3615   1531   7999      2      0 
 03:34:28       2    184     69      -     93     14      0      0      -      -   3615   1531   7999      2      0 
 03:34:28       3    175     66      -     93     14      0      0      -      -   3615   1531   7999      2      0 
 03:34:58       0    136     71      -     96     13      0      0      -      -   3615   1531   7999      2      0 
 03:34:58       1    143     70      -     96     13      0      0      -      -   3615   1531   7999      2      0 
 03:34:58       2    126     69      -     94     14      0      0      -      -   3615   1531   7999      2      0 
 03:34:58       3    126     65      -     94     14      0      0      -      -   3615   1531   7999      2      0 
 03:35:28       0    180     72      -     96     13      0      0      -      -   3615   1531   7999      2      0 
 03:35:28       1    185     71      -     96     13      0      0      -      -   3615   1531   7999      2      0 
 03:35:28       2    183     69      -     93     13      0      0      -      -   3615   1531   7999      2      0 
 03:35:28       3    178     66      -     93     13      0      0      -      -   3615   1531   7999      2      0 
 03:35:58       0    141     68      -     19      2      0      0      -      -   3615   1531   7999      2      0 
 03:35:58       1    151     68      -      0      0      0      0      -      -   3615   1531   7999      2      0 
 03:35:58       2    129     67      -      9      0      0      0      -      -   3615   1531   7999      2      0 
 03:35:58       3    130     63      -      1      0      0      0      -      -   3615   1531   7999      2      0 
 03:36:28       0    157     71      -     96     13      0      0      -      -   3615   1531   7999      2      0 
 03:36:28       1    170     71      -     97     13      0      0      -      -   3615   1531   7999      2      0 
 03:36:28       2    173     69      -     94     13      0      0      -      -   3615   1531   7999      2      0 
 03:36:28       3    169     66      -     94     13      0      0      -      -   3615   1531   7999      2      0 
 03:36:58       0     82     72      -     96     13      0      0      -      -   3615   1531   7999      2      0 
 03:36:58       1     81     71      -     97     13      0      0      -      -   3615   1531   7999      2      0 
 03:36:58       2     83     70      -     94     13      0      0      -      -   3615   1531   7999      2      0 
 03:36:58       3     73     66      -     87     13      0      0      -      -   3615   1531   7999      2      0 
#Time         gpu    pwr  gtemp  mtemp     sm    mem    enc    dec    jpg    ofa   mclk   pclk     fb   bar1   ccpm 
#HH:MM:SS     Idx      W      C      C      %      %      %      %      %      %    MHz    MHz     MB     MB     MB 
 03:37:28       0     65     69      -      0      0      0      0      -      -   3615   1531   7999      2      0 
 03:37:28       1     66     69      -      0      0      0      0      -      -   3615   1531   7999      2      0 
 03:37:28       2     69     68      -      0      0      0      0      -      -   3615   1531   7999      2      0 
 03:37:28       3     65     64      -      0      0      0      0      -      -   3615   1531   7999      2      0 
 03:37:58       0    149     70      -     97     12      0      0      -      -   3615   1531   7999      2      0 
 03:37:58       1    166     69      -     96     13      0      0      -      -   3615   1531   7999      2      0 
 03:37:58       2    168     68      -     95     12      0      0      -      -   3615   1531   7999      2      0 
 03:37:58       3    165     64      -     94     11      0      0      -      -   3615   1531   7999      2      0 
 03:38:28       0    154     71      -     96     13      0      0      -      -   3615   1531   7999      2      0 
 03:38:28       1    151     70      -     97     12      0      0      -      -   3615   1531   7999      2      0 
 03:38:28       2    132     69      -     94     10      0      0      -      -   3615   1531   7999      2      0 
 03:38:28       3    134     65      -     94     11      0      0      -      -   3615   1531   7999      2      0 
 03:38:58       0     56     66      -      0      0      0      0      -      -   3615   1303   7999      2      0 
 03:38:58       1     57     65      -      0      0      0      0      -      -   3615   1303   7999      2      0 
 03:38:58       2     59     65      -      0      0      0      0      -      -   3615   1303   7999      2      0 
 03:38:58       3     56     61      -      0      0      0      0      -      -   3615   1303   7999      2      0 
 03:39:28       0    142     68      -     94     18      0      0      -      -   3615   1531   7999      2      0 
 03:39:28       1    127     68      -     94     18      0      0      -      -   3615   1531   7999      2      0 
 03:39:28       2    142     66      -     90     18      0      0      -      -   3615   1531   7999      2      0 
 03:39:28       3    159     63      -     89     18      0      0      -      -   3615   1531   7999      2      0 
 03:39:58       0    146     69      -     94     18      0      0      -      -   3615   1531   7999      2      0 
 03:39:58       1    146     68      -     95     17      0      0      -      -   3615   1531   7999      2      0 
 03:39:58       2    127     67      -     90     17      0      0      -      -   3615   1531   7999      2      0 
 03:39:58       3    140     64      -     91     17      0      0      -      -   3615   1531   7999      2      0 
 03:40:28       0    128     69      -     95     16      0      0      -      -   3615   1531   7999      2      0 
 03:40:28       1    119     68      -     95     17      0      0      -      -   3615   1531   7999      2      0 
 03:40:28       2    143     67      -     90     18      0      0      -      -   3615   1531   7999      2      0 
 03:40:28       3    134     64      -     90     17      0      0      -      -   3615   1531   7999      2      0 
 03:40:58       0    146     70      -     95     17      0      0      -      -   3615   1531   7999      2      0 
 03:40:58       1    133     69      -     95     16      0      0      -      -   3615   1531   7999      2      0 
 03:40:58       2    155     67      -     91     17      0      0      -      -   3615   1531   7999      2      0 
 03:40:58       3    145     65      -     91     17      0      0      -      -   3615   1531   7999      2      0 
 03:41:28       0    138     70      -     84     14      0      0      -      -   3615   1531   7999      2      0 
 03:41:28       1    126     69      -     96     15      0      0      -      -   3615   1531   7999      2      0 
 03:41:28       2    139     67      -     92     17      0      0      -      -   3615   1531   7999      2      0 
 03:41:28       3    131     64      -     72     13      0      0      -      -   3615   1531   7999      2      0 
 03:41:58       0    133     71      -     95     15      0      0      -      -   3615   1531   7999      2      0 
 03:41:58       1    148     69      -     95     16      0      0      -      -   3615   1531   7999      2      0 
 03:41:58       2    133     68      -     92     15      0      0      -      -   3615   1531   7999      2      0 
 03:41:58       3    139     65      -     91     16      0      0      -      -   3615   1531   7999      2      0 
 03:42:28       0    151     71      -     96     13      0      0      -      -   3615   1531   7999      2      0 
 03:42:28       1    138     70      -     96     14      0      0      -      -   3615   1531   7999      2      0 
 03:42:28       2    138     69      -     93     15      0      0      -      -   3615   1531   7999      2      0 
 03:42:28       3    140     66      -     92     15      0      0      -      -   3615   1531   7999      2      0 
#Time         gpu    pwr  gtemp  mtemp     sm    mem    enc    dec    jpg    ofa   mclk   pclk     fb   bar1   ccpm 
#HH:MM:SS     Idx      W      C      C      %      %      %      %      %      %    MHz    MHz     MB     MB     MB 
 03:42:58       0    178     71      -     96     15      0      0      -      -   3615   1531   7999      2      0 
 03:42:58       1    180     70      -     95     16      0      0      -      -   3615   1531   7999      2      0 
 03:42:58       2    174     69      -     92     15      0      0      -      -   3615   1531   7999      2      0 
 03:42:58       3    165     66      -     94     13      0      0      -      -   3615   1531   7999      2      0 
 03:43:28       0    141     71      -     96     14      0      0      -      -   3615   1531   7999      2      0 
 03:43:28       1    128     70      -     95     16      0      0      -      -   3615   1531   7999      2      0 
 03:43:28       2    145     69      -     92     16      0      0      -      -   3615   1531   7999      2      0 
 03:43:28       3    123     65      -     94     13      0      0      -      -   3615   1531   7999      2      0 
 03:43:58       0    131     70      -     86     14      0      0      -      -   3615   1531   7999      2      0 
 03:43:58       1    146     69      -     70     12      0      0      -      -   3615   1531   7999      2      0 
 03:43:58       2    128     68      -     92     15      0      0      -      -   3615   1531   7999      2      0 
 03:43:58       3    114     65      -     79     15      0      0      -      -   3615   1531   7999      2      0 
 03:44:28       0     65     68      -      0      0      0      0      -      -   3615   1531   7999      2      0 
 03:44:28       1     66     68      -      0      0      0      0      -      -   3615   1531   7999      2      0 
 03:44:28       2     69     67      -      0      0      0      0      -      -   3615   1531   7999      2      0 
 03:44:28       3     64     64      -      0      0      0      0      -      -   3615   1531   7999      2      0 
 03:44:58       0    174     71      -     96     13      0      0      -      -   3615   1531   7999      2      0 
 03:44:58       1    180     70      -     96     13      0      0      -      -   3615   1531   7999      2      0 
 03:44:58       2    181     69      -     93     14      0      0      -      -   3615   1531   7999      2      0 
 03:44:58       3    176     65      -     94     13      0      0      -      -   3615   1531   7999      2      0 
 03:45:28       0    161     71      -     96     13      0      0      -      -   3615   1531   7999      2      0 
 03:45:28       1    141     70      -     96     14      0      0      -      -   3615   1531   7999      2      0 
 03:45:28       2    144     69      -     91     13      0      0      -      -   3615   1531   7999      2      0 
 03:45:28       3    144     66      -     93     13      0      0      -      -   3615   1531   7999      2      0 
 03:45:58       0    180     71      -     96     13      0      0      -      -   3615   1531   7999      2      0 
 03:45:58       1    185     70      -     96     13      0      0      -      -   3615   1531   7999      2      0 
 03:45:58       2    180     69      -     94     13      0      0      -      -   3615   1531   7999      2      0 
 03:45:58       3    172     66      -     94     13      0      0      -      -   3615   1531   7999      2      0 
 03:46:28       0    180     71      -     96     13      0      0      -      -   3615   1531   7999      2      0 
 03:46:28       1    186     70      -     96     13      0      0      -      -   3615   1531   7999      2      0 
 03:46:28       2    185     69      -     94     13      0      0      -      -   3615   1531   7999      2      0 
 03:46:28       3    176     66      -     94     13      0      0      -      -   3615   1531   7999      2      0 
 03:46:58       0    165     72      -     96     13      0      0      -      -   3615   1531   7999      2      0 
 03:46:58       1    166     71      -     97     13      0      0      -      -   3615   1531   7999      2      0 
 03:46:58       2    146     69      -     94     13      0      0      -      -   3615   1531   7999      2      0 
 03:46:58       3    132     66      -     94     14      0      0      -      -   3615   1531   7999      2      0 
 03:47:28       0    143     71      -     97     12      0      0      -      -   3615   1531   7999      2      0 
 03:47:28       1    156     70      -     96     13      0      0      -      -   3615   1531   7999      2      0 
 03:47:28       2    164     69      -     94     13      0      0      -      -   3615   1531   7999      2      0 
 03:47:28       3    162     66      -     94     13      0      0      -      -   3615   1531   7999      2      0 
 03:47:58       0    180     71      -     97     11      0      0      -      -   3615   1531   7999      2      0 
 03:47:58       1    186     71      -     96     13      0      0      -      -   3615   1531   7999      2      0 
 03:47:58       2    184     69      -     94     12      0      0      -      -   3615   1531   7999      2      0 
 03:47:58       3    173     66      -     94     12      0      0      -      -   3615   1531   7999      2      0 
#Time         gpu    pwr  gtemp  mtemp     sm    mem    enc    dec    jpg    ofa   mclk   pclk     fb   bar1   ccpm 
#HH:MM:SS     Idx      W      C      C      %      %      %      %      %      %    MHz    MHz     MB     MB     MB 
 03:48:28       0    143     71      -     60      9      0      0      -      -   3615   1531   7999      2      0 
 03:48:28       1    131     70      -     92     11      0      0      -      -   3615   1531   7999      2      0 
 03:48:28       2    150     69      -     89     11      0      0      -      -   3615   1531   7999      2      0 
 03:48:28       3    128     66      -     95     12      0      0      -      -   3615   1531   7999      2      0 
 03:48:58       0    165     71      -     96     13      0      0      -      -   3615   1531   7999      2      0 
 03:48:58       1    168     71      -     96     13      0      0      -      -   3615   1531   7999      2      0 
 03:48:58       2    149     69      -     95     11      0      0      -      -   3615   1531   7999      2      0 
 03:48:58       3    128     66      -     93     13      0      0      -      -   3615   1531   7999      2      0 
 03:49:28       0     65     69      -      0      0      0      0      -      -   3615   1531   7999      2      0 
 03:49:28       1     66     68      -      0      0      0      0      -      -   3615   1531   7999      2      0 
 03:49:28       2     69     67      -      0      0      0      0      -      -   3615   1531   7999      2      0 
 03:49:28       3     65     64      -      0      0      0      0      -      -   3615   1531   7999      2      0 
 03:49:58       0    123     66      -     94     19      0      0      -      -   3615   1531   8849      2      0 
 03:49:58       1    141     65      -     94     20      0      0      -      -   3615   1531   8849      2      0 
 03:49:58       2    131     64      -     89     20      0      0      -      -   3615   1531   8849      2      0 
 03:49:58       3    131     61      -     89     20      0      0      -      -   3615   1531   8849      2      0 
 03:50:28       0    137     68      -     94     18      0      0      -      -   3615   1531   8849      2      0 
 03:50:28       1    132     67      -     94     18      0      0      -      -   3615   1531   8849      2      0 
 03:50:28       2    118     66      -     90     17      0      0      -      -   3615   1531   8849      2      0 
 03:50:28       3    134     63      -     90     18      0      0      -      -   3615   1531   8849      2      0 
 03:50:59       0    116     69      -     95     16      0      0      -      -   3615   1531   8849      2      0 
 03:50:59       1    145     68      -     95     17      0      0      -      -   3615   1531   8849      2      0 
 03:50:59       2    160     67      -     91     16      0      0      -      -   3615   1531   8849      2      0 
 03:50:59       3    135     64      -     90     18      0      0      -      -   3615   1531   8849      2      0 
 03:51:29       0    142     70      -     79     14      0      0      -      -   3615   1531   8849      2      0 
 03:51:29       1    123     69      -     90     15      0      0      -      -   3615   1531   8849      2      0 
 03:51:29       2    159     68      -     76     14      0      0      -      -   3615   1531   8849      2      0 
 03:51:29       3    141     65      -     76     14      0      0      -      -   3615   1531   8849      2      0 
 03:51:59       0    140     71      -     95     16      0      0      -      -   3615   1531   8849      2      0 
 03:51:59       1    161     70      -     95     15      0      0      -      -   3615   1531   8849      2      0 
 03:51:59       2    138     68      -     92     15      0      0      -      -   3615   1531   8849      2      0 
 03:51:59       3    132     65      -     91     17      0      0      -      -   3615   1531   8849      2      0 
 03:52:29       0    140     71      -     96     14      0      0      -      -   3615   1531   8849      2      0 
 03:52:29       1    137     70      -     95     16      0      0      -      -   3615   1531   8849      2      0 
 03:52:29       2    143     69      -     91     16      0      0      -      -   3615   1531   8849      2      0 
 03:52:29       3    122     66      -     93     14      0      0      -      -   3615   1531   8849      2      0 
 03:52:59       0    141     72      -     95     14      0      0      -      -   3615   1531   8849      2      0 
 03:52:59       1    135     71      -     83     13      0      0      -      -   3615   1531   8849      2      0 
 03:52:59       2    123     70      -     90     15      0      0      -      -   3615   1531   8849      2      0 
 03:52:59       3    153     66      -     92     14      0      0      -      -   3615   1531   8849      2      0 
 03:53:29       0    177     72      -     96     14      0      0      -      -   3615   1531   8849      2      0 
 03:53:29       1    183     71      -     96     15      0      0      -      -   3615   1531   8849      2      0 
 03:53:29       2    181     70      -     92     15      0      0      -      -   3615   1531   8849      2      0 
 03:53:29       3    173     66      -     92     16      0      0      -      -   3615   1531   8849      2      0 
#Time         gpu    pwr  gtemp  mtemp     sm    mem    enc    dec    jpg    ofa   mclk   pclk     fb   bar1   ccpm 
#HH:MM:SS     Idx      W      C      C      %      %      %      %      %      %    MHz    MHz     MB     MB     MB 
 03:53:59       0    139     72      -     96     15      0      0      -      -   3615   1531   8853      2      0 
 03:53:59       1    131     71      -     96     13      0      0      -      -   3615   1531   8853      2      0 
 03:53:59       2    121     69      -     91     15      0      0      -      -   3615   1531   8853      2      0 
 03:53:59       3    147     66      -     92     15      0      0      -      -   3615   1531   8853      2      0 
 03:54:29       0    131     71      -     96     15      0      0      -      -   3615   1531   8853      2      0 
 03:54:29       1    135     70      -     95     15      0      0      -      -   3615   1531   8853      2      0 
 03:54:29       2    148     69      -     93     14      0      0      -      -   3615   1531   8853      2      0 
 03:54:29       3    155     65      -     92     15      0      0      -      -   3615   1531   8853      2      0 
 03:54:59       0    170     69      -      8      0      0      0      -      -   3615   1531   8853      2      0 
 03:54:59       1    176     67      -      1      0      0      0      -      -   3615   1531   8853      2      0 
 03:54:59       2    172     67      -      7      0      0      0      -      -   3615   1531   8853      2      0 
 03:54:59       3    172     63      -     24      4      0      0      -      -   3615   1531   8853      2      0 
 03:55:29       0    117     71      -     96     14      0      0      -      -   3615   1531   8853      2      0 
 03:55:29       1    140     70      -     96     14      0      0      -      -   3615   1531   8853      2      0 
 03:55:29       2    143     69      -     94     12      0      0      -      -   3615   1531   8853      2      0 
 03:55:29       3    123     65      -     93     14      0      0      -      -   3615   1531   8853      2      0 
 03:55:59       0    177     71      -     96     13      0      0      -      -   3615   1531   8853      2      0 
 03:55:59       1    176     70      -     96     14      0      0      -      -   3615   1531   8853      2      0 
 03:55:59       2    172     68      -     94     13      0      0      -      -   3615   1531   8853      2      0 
 03:55:59       3    164     65      -     94     13      0      0      -      -   3615   1531   8853      2      0 
 03:56:29       0    180     71      -     96     13      0      0      -      -   3615   1531   8853      2      0 
 03:56:29       1    184     70      -     96     14      0      0      -      -   3615   1531   8853      2      0 
 03:56:29       2    177     69      -     93     14      0      0      -      -   3615   1531   8853      2      0 
 03:56:29       3    173     66      -     93     14      0      0      -      -   3615   1531   8853      2      0 
 03:56:59       0    134     71      -     96     13      0      0      -      -   3615   1531   8853      2      0 
 03:56:59       1    164     70      -     96     13      0      0      -      -   3615   1531   8853      2      0 
 03:56:59       2    143     69      -     94     13      0      0      -      -   3615   1531   8853      2      0 
 03:56:59       3    122     65      -     93     13      0      0      -      -   3615   1531   8853      2      0 
 03:57:29       0    134     71      -     96     13      0      0      -      -   3615   1531   8853      2      0 
 03:57:29       1    165     70      -     96     12      0      0      -      -   3615   1531   8853      2      0 
 03:57:29       2    143     69      -     94     12      0      0      -      -   3615   1531   8853      2      0 
 03:57:29       3    135     66      -     94     12      0      0      -      -   3615   1531   8853      2      0 
 03:57:59       0     65     68      -      0      0      0      0      -      -   3615   1531   8853      2      0 
 03:57:59       1     66     68      -      0      0      0      0      -      -   3615   1531   8853      2      0 
 03:57:59       2     68     67      -      0      0      0      0      -      -   3615   1531   8853      2      0 
 03:57:59       3     64     63      -      0      0      0      0      -      -   3615   1531   8853      2      0 
 03:58:29       0    165     71      -     96     12      0      0      -      -   3615   1531   8853      2      0 
 03:58:29       1    170     71      -     97     11      0      0      -      -   3615   1531   8853      2      0 
 03:58:29       2    139     69      -     94     11      0      0      -      -   3615   1531   8853      2      0 
 03:58:29       3    140     66      -     94     13      0      0      -      -   3615   1531   8853      2      0 
 03:58:59       0    173     71      -     97     12      0      0      -      -   3615   1531   8853      2      0 
 03:58:59       1    180     71      -     96     12      0      0      -      -   3615   1531   8853      2      0 
 03:58:59       2    180     69      -     94     11      0      0      -      -   3615   1531   8853      2      0 
 03:58:59       3    174     66      -     94     12      0      0      -      -   3615   1531   8853      2      0 
#Time         gpu    pwr  gtemp  mtemp     sm    mem    enc    dec    jpg    ofa   mclk   pclk     fb   bar1   ccpm 
#HH:MM:SS     Idx      W      C      C      %      %      %      %      %      %    MHz    MHz     MB     MB     MB 
 03:59:29       0    141     71      -     97     11      0      0      -      -   3615   1531   8853      2      0 
 03:59:29       1    153     70      -     97     11      0      0      -      -   3615   1531   8853      2      0 
 03:59:29       2    162     69      -     95     11      0      0      -      -   3615   1531   8853      2      0 
 03:59:29       3    160     66      -     94     13      0      0      -      -   3615   1531   8853      2      0 
 03:59:59       0    180     72      -     96     13      0      0      -      -   3615   1531   8853      2      0 
 03:59:59       1    186     71      -     96     13      0      0      -      -   3615   1531   8853      2      0 
 03:59:59       2    185     69      -     95     12      0      0      -      -   3615   1531   8853      2      0 
 03:59:59       3    178     66      -     94     12      0      0      -      -   3615   1531   8853      2      0 
 04:00:29       0     65     69      -      0      0      0      0      -      -   3615   1531   8853      2      0 
 04:00:29       1     66     68      -      0      0      0      0      -      -   3615   1531   8853      2      0 
 04:00:29       2     69     67      -      0      0      0      0      -      -   3615   1531   8853      2      0 
 04:00:29       3     65     64      -      0      0      0      0      -      -   3615   1531   8853      2      0 
 04:00:59       0    105     68      -     94     19      0      0      -      -   3615   1531   8853      2      0 
 04:00:59       1    138     67      -     94     18      0      0      -      -   3615   1531   8853      2      0 
 04:00:59       2    123     66      -     79     17      0      0      -      -   3615   1531   8853      2      0 
 04:00:59       3    126     63      -     90     18      0      0      -      -   3615   1531   8853      2      0 
 04:01:29       0    139     69      -     94     17      0      0      -      -   3615   1531   8853      2      0 
 04:01:29       1    156     68      -     94     18      0      0      -      -   3615   1531   8853      2      0 
 04:01:29       2    135     67      -     90     18      0      0      -      -   3615   1531   8853      2      0 
 04:01:29       3    126     64      -     90     17      0      0      -      -   3615   1531   8853      2      0 
 04:01:59       0    137     69      -     94     18      0      0      -      -   3615   1531   8853      2      0 
 04:01:59       1    151     68      -     95     16      0      0      -      -   3615   1531   8853      2      0 
 04:01:59       2    158     67      -     91     16      0      0      -      -   3615   1531   8853      2      0 
 04:01:59       3    161     64      -     91     16      0      0      -      -   3615   1531   8853      2      0 
 04:02:29       0    131     69      -     95     15      0      0      -      -   3615   1531   8853      2      0 
 04:02:29       1    118     68      -     95     16      0      0      -      -   3615   1531   8853      2      0 
 04:02:29       2    147     67      -     92     15      0      0      -      -   3615   1531   8853      2      0 
 04:02:29       3    154     65      -     90     17      0      0      -      -   3615   1531   8853      2      0 
 04:02:59       0    127     70      -     95     16      0      0      -      -   3615   1531   8853      2      0 
 04:02:59       1    138     69      -     95     17      0      0      -      -   3615   1531   8853      2      0 
 04:02:59       2    143     68      -     91     16      0      0      -      -   3615   1531   8853      2      0 
 04:02:59       3    120     65      -     91     16      0      0      -      -   3615   1531   8853      2      0 
 04:03:29       0    173     70      -     96     14      0      0      -      -   3615   1531   8853      2      0 
 04:03:29       1    173     69      -     96     14      0      0      -      -   3615   1531   8853      2      0 
 04:03:29       2    153     68      -     92     16      0      0      -      -   3615   1531   8853      2      0 
 04:03:29       3    142     65      -     91     16      0      0      -      -   3615   1531   8853      2      0 
 04:03:59       0    150     71      -     95     15      0      0      -      -   3615   1531   8853      2      0 
 04:03:59       1    164     70      -     96     13      0      0      -      -   3615   1531   8853      2      0 
 04:03:59       2    169     69      -     92     15      0      0      -      -   3615   1531   8853      2      0 
 04:03:59       3    166     66      -     92     15      0      0      -      -   3615   1531   8853      2      0 
 04:04:29       0    154     71      -     96     16      0      0      -      -   3615   1531   8853      2      0 
 04:04:29       1    164     70      -     96     14      0      0      -      -   3615   1531   8853      2      0 
 04:04:29       2    169     69      -     94     12      0      0      -      -   3615   1531   8853      2      0 
 04:04:29       3    165     66      -     93     14      0      0      -      -   3615   1531   8853      2      0 
#Time         gpu    pwr  gtemp  mtemp     sm    mem    enc    dec    jpg    ofa   mclk   pclk     fb   bar1   ccpm 
#HH:MM:SS     Idx      W      C      C      %      %      %      %      %      %    MHz    MHz     MB     MB     MB 
 04:04:59       0    135     70      -     96     13      0      0      -      -   3615   1531   8853      2      0 
 04:04:59       1    135     69      -     95     15      0      0      -      -   3615   1531   8853      2      0 
 04:04:59       2    120     68      -     94     12      0      0      -      -   3615   1531   8853      2      0 
 04:04:59       3    131     65      -     92     14      0      0      -      -   3615   1531   8853      2      0 
 04:05:29       0    180     71      -     96     15      0      0      -      -   3615   1531   8853      2      0 
 04:05:29       1    186     70      -     96     13      0      0      -      -   3615   1531   8853      2      0 
 04:05:29       2    180     69      -     94     13      0      0      -      -   3615   1531   8853      2      0 
 04:05:29       3    173     66      -     92     15      0      0      -      -   3615   1531   8853      2      0 
 04:05:59       0    157     71      -     96     14      0      0      -      -   3615   1531   8853      2      0 
 04:05:59       1    135     70      -     96     12      0      0      -      -   3615   1531   8853      2      0 
 04:05:59       2    147     69      -     93     14      0      0      -      -   3615   1531   8853      2      0 
 04:05:59       3    131     66      -     92     14      0      0      -      -   3615   1531   8853      2      0 
 04:06:29       0    160     71      -     96     14      0      0      -      -   3615   1531   8853      2      0 
 04:06:29       1    138     70      -     96     13      0      0      -      -   3615   1531   8853      2      0 
 04:06:29       2    138     69      -     94     13      0      0      -      -   3615   1531   8853      2      0 
 04:06:29       3    141     65      -     94     13      0      0      -      -   3615   1531   8853      2      0 
 04:06:59       0     66     71      -     62     11      0      0      -      -   3615   1531   8853      2      0 
 04:06:59       1     67     70      -      0      0      0      0      -      -   3615   1531   8853      2      0 
 04:06:59       2     71     68      -     54     10      0      0      -      -   3615   1531   8853      2      0 
 04:06:59       3     65     65      -     29      9      0      0      -      -   3615   1531   8853      2      0 
 04:07:29       0    127     71      -     96     13      0      0      -      -   3615   1531   8853      2      0 
 04:07:29       1    126     71      -     96     12      0      0      -      -   3615   1531   8853      2      0 
 04:07:29       2    159     69      -     94     13      0      0      -      -   3615   1531   8853      2      0 
 04:07:29       3    144     66      -     94     12      0      0      -      -   3615   1531   8853      2      0 
 04:07:59       0     65     69      -     10      0      0      0      -      -   3615   1531   8853      2      0 
 04:07:59       1     66     68      -      0      0      0      0      -      -   3615   1531   8853      2      0 
 04:07:59       2     89     67      -      0      0      0      0      -      -   3615   1531   8853      2      0 
 04:07:59       3    100     64      -      0      0      0      0      -      -   3615   1531   8853      2      0 
 04:08:29       0     67     71      -     96     12      0      0      -      -   3615   1531   8853      2      0 
 04:08:29       1     68     70      -     75     11      0      0      -      -   3615   1531   8853      2      0 
 04:08:29       2     73     69      -     94     12      0      0      -      -   3615   1531   8853      2      0 
 04:08:29       3     65     65      -     94     13      0      0      -      -   3615   1531   8853      2      0 
 04:08:59       0    181     72      -     97     12      0      0      -      -   3615   1531   8853      2      0 
 04:08:59       1    187     71      -     97     12      0      0      -      -   3615   1531   8853      2      0 
 04:08:59       2    178     69      -     94     13      0      0      -      -   3615   1531   8853      2      0 
 04:08:59       3    172     66      -     94     13      0      0      -      -   3615   1531   8853      2      0 
 04:09:29       0    131     71      -     60     10      0      0      -      -   3615   1531   8853      2      0 
 04:09:29       1    133     70      -     86     12      0      0      -      -   3615   1531   8853      2      0 
 04:09:29       2    121     68      -     57     11      0      0      -      -   3615   1531   8853      2      0 
 04:09:29       3    126     65      -     65     11      0      0      -      -   3615   1531   8853      2      0 
 04:09:59       0    127     71      -     97     12      0      0      -      -   3615   1531   8853      2      0 
 04:09:59       1    140     70      -     97     12      0      0      -      -   3615   1531   8853      2      0 
 04:09:59       2    153     69      -     94     13      0      0      -      -   3615   1531   8853      2      0 
 04:09:59       3    154     66      -     94     12      0      0      -      -   3615   1531   8853      2      0 
#Time         gpu    pwr  gtemp  mtemp     sm    mem    enc    dec    jpg    ofa   mclk   pclk     fb   bar1   ccpm 
#HH:MM:SS     Idx      W      C      C      %      %      %      %      %      %    MHz    MHz     MB     MB     MB 
 04:10:29       0    161     71      -     96     13      0      0      -      -   3615   1531   8853      2      0 
 04:10:29       1    143     70      -     96     13      0      0      -      -   3615   1531   8853      2      0 
 04:10:29       2    131     69      -     93     12      0      0      -      -   3615   1531   8853      2      0 
 04:10:29       3    139     66      -     93     12      0      0      -      -   3615   1531   8853      2      0 
 04:10:59       0    181     71      -     97     11      0      0      -      -   3615   1531   8853      2      0 
 04:10:59       1    187     70      -     97     11      0      0      -      -   3615   1531   8853      2      0 
 04:10:59       2    181     69      -     94     12      0      0      -      -   3615   1531   8853      2      0 
 04:10:59       3    176     66      -     94     12      0      0      -      -   3615   1531   8853      2      0 
 04:11:29       0    124     65      -     93     22      0      0      -      -   3615   1531   8689      2      0 
 04:11:29       1    119     64      -     93     22      0      0      -      -   3615   1531   8689      2      0 
 04:11:29       2    109     63      -     89     21      0      0      -      -   3615   1531   8689      2      0 
 04:11:29       3    124     60      -     89     21      0      0      -      -   3615   1531   8689      2      0 
 04:11:59       0    125     66      -     94     20      0      0      -      -   3615   1531   8689      2      0 
 04:11:59       1    129     65      -     94     20      0      0      -      -   3615   1531   8689      2      0 
 04:11:59       2    116     64      -     89     20      0      0      -      -   3615   1531   8689      2      0 
 04:11:59       3    120     62      -     90     21      0      0      -      -   3615   1531   8689      2      0 
 04:12:29       0    140     67      -     94     19      0      0      -      -   3615   1531   8689      2      0 
 04:12:29       1    126     66      -     94     21      0      0      -      -   3615   1531   8689      2      0 
 04:12:29       2    126     65      -     90     19      0      0      -      -   3615   1531   8689      2      0 
 04:12:29       3    133     63      -     90     20      0      0      -      -   3615   1531   8689      2      0 
 04:12:59       0    125     69      -     95     18      0      0      -      -   3615   1531   8689      2      0 
 04:12:59       1    141     68      -     94     20      0      0      -      -   3615   1531   8689      2      0 
 04:12:59       2    155     67      -     90     20      0      0      -      -   3615   1531   8689      2      0 
 04:12:59       3    155     64      -     90     19      0      0      -      -   3615   1531   8689      2      0 
 04:13:29       0    132     69      -     77     14      0      0      -      -   3615   1531   8689      2      0 
 04:13:29       1    146     68      -     94     19      0      0      -      -   3615   1531   8689      2      0 
 04:13:29       2    153     67      -     73     14      0      0      -      -   3615   1531   8689      2      0 
 04:13:29       3    155     64      -     74     13      0      0      -      -   3615   1531   8689      2      0 
 04:13:59       0    149     70      -     95     19      0      0      -      -   3615   1531   8689      2      0 
 04:13:59       1    159     69      -     95     19      0      0      -      -   3615   1531   8689      2      0 
 04:13:59       2    164     68      -     91     19      0      0      -      -   3615   1531   8689      2      0 
 04:13:59       3    163     65      -     92     17      0      0      -      -   3615   1531   8689      2      0 
 04:14:30       0    123     71      -     96     16      0      0      -      -   3615   1531   8689      2      0 
 04:14:30       1    129     70      -     95     18      0      0      -      -   3615   1531   8689      2      0 
 04:14:30       2    127     69      -     93     16      0      0      -      -   3615   1531   8689      2      0 
 04:14:30       3    109     66      -     82     15      0      0      -      -   3615   1531   8689      2      0 
 04:15:00       0    129     71      -     96     17      0      0      -      -   3615   1531   8689      2      0 
 04:15:00       1    159     71      -     95     17      0      0      -      -   3615   1531   8689      2      0 
 04:15:00       2    142     69      -     92     16      0      0      -      -   3615   1531   8689      2      0 
 04:15:00       3    121     66      -     94     14      0      0      -      -   3615   1531   8689      2      0 
 04:15:30       0     66     71      -     76     14      0      0      -      -   3615   1531   8693      2      0 
 04:15:30       1     67     70      -      0      0      0      0      -      -   3615   1531   8693      2      0 
 04:15:30       2     71     69      -     82     17      0      0      -      -   3615   1531   8693      2      0 
 04:15:30       3     65     65      -     31      9      0      0      -      -   3615   1531   8693      2      0 
#Time         gpu    pwr  gtemp  mtemp     sm    mem    enc    dec    jpg    ofa   mclk   pclk     fb   bar1   ccpm 
#HH:MM:SS     Idx      W      C      C      %      %      %      %      %      %    MHz    MHz     MB     MB     MB 
 04:16:00       0    170     71      -     80     13      0      0      -      -   3615   1531   8693      2      0 
 04:16:00       1    170     70      -     96     14      0      0      -      -   3615   1531   8693      2      0 
 04:16:00       2    149     69      -     94     15      0      0      -      -   3615   1531   8693      2      0 
 04:16:00       3    127     65      -     92     17      0      0      -      -   3615   1531   8693      2      0 
 04:16:30       0    133     71      -     96     16      0      0      -      -   3615   1531   8693      2      0 
 04:16:30       1    133     70      -     96     14      0      0      -      -   3615   1531   8693      2      0 
 04:16:30       2    120     69      -     93     16      0      0      -      -   3615   1531   8693      2      0 
 04:16:30       3    128     65      -     92     16      0      0      -      -   3615   1531   8693      2      0 
 04:17:00       0    120     70      -     96     16      0      0      -      -   3615   1531   8693      2      0 
 04:17:00       1    147     69      -     96     16      0      0      -      -   3615   1531   8693      2      0 
 04:17:00       2    129     68      -     93     15      0      0      -      -   3615   1531   8693      2      0 
 04:17:00       3    112     64      -     93     15      0      0      -      -   3615   1531   8693      2      0 
 04:17:30       0     69     71      -     96     14      0      0      -      -   3615   1531   8693      2      0 
 04:17:30       1     69     71      -     96     15      0      0      -      -   3615   1531   8693      2      0 
 04:17:30       2     73     69      -     92     17      0      0      -      -   3615   1531   8693      2      0 
 04:17:30       3     67     66      -     94     19      0      0      -      -   3615   1531   8693      2      0 
 04:18:00       0    121     71      -     96     15      0      0      -      -   3615   1531   8693      2      0 
 04:18:00       1    133     70      -     96     14      0      0      -      -   3615   1531   8693      2      0 
 04:18:00       2    119     69      -     93     15      0      0      -      -   3615   1531   8693      2      0 
 04:18:00       3    114     66      -     93     15      0      0      -      -   3615   1531   8693      2      0 
 04:18:30       0    129     72      -     96     14      0      0      -      -   3615   1531   8693      2      0 
 04:18:30       1    118     71      -     96     14      0      0      -      -   3615   1531   8693      2      0 
 04:18:30       2    126     69      -     94     14      0      0      -      -   3615   1531   8693      2      0 
 04:18:30       3    109     66      -     94     15      0      0      -      -   3615   1531   8693      2      0 
 04:19:00       0    112     71      -     96     15      0      0      -      -   3615   1531   8693      2      0 
 04:19:00       1    122     71      -     96     15      0      0      -      -   3615   1531   8693      2      0 
 04:19:00       2    141     69      -     94     14      0      0      -      -   3615   1531   8693      2      0 
 04:19:00       3    117     66      -     93     15      0      0      -      -   3615   1531   8693      2      0 
 04:19:30       0    117     72      -     96     14      0      0      -      -   3615   1531   8693      2      0 
 04:19:30       1    127     71      -     96     14      0      0      -      -   3615   1531   8693      2      0 
 04:19:30       2    142     69      -     94     14      0      0      -      -   3615   1531   8693      2      0 
 04:19:30       3    147     66      -     94     14      0      0      -      -   3615   1531   8693      2      0 
 04:20:00       0    179     72      -     96     14      0      0      -      -   3615   1531   8693      2      0 
 04:20:00       1    185     71      -     96     13      0      0      -      -   3615   1531   8693      2      0 
 04:20:00       2    184     70      -     94     14      0      0      -      -   3615   1531   8693      2      0 
 04:20:00       3    180     67      -     93     14      0      0      -      -   3615   1531   8693      2      0 
 04:20:30       0    166     71      -     97     14      0      0      -      -   3615   1531   8693      2      0 
 04:20:30       1    174     70      -     97     13      0      0      -      -   3615   1531   8693      2      0 
 04:20:30       2    176     69      -     94     14      0      0      -      -   3615   1531   8693      2      0 
 04:20:30       3    173     66      -     94     14      0      0      -      -   3615   1531   8693      2      0 
 04:21:00       0    127     71      -     96     15      0      0      -      -   3615   1531   8693      2      0 
 04:21:00       1    130     71      -     96     13      0      0      -      -   3615   1531   8693      2      0 
 04:21:00       2    116     69      -     95     13      0      0      -      -   3615   1531   8693      2      0 
 04:21:00       3    143     66      -     93     14      0      0      -      -   3615   1531   8693      2      0 
#Time         gpu    pwr  gtemp  mtemp     sm    mem    enc    dec    jpg    ofa   mclk   pclk     fb   bar1   ccpm 
#HH:MM:SS     Idx      W      C      C      %      %      %      %      %      %    MHz    MHz     MB     MB     MB 
 04:21:30       0    177     72      -     97     12      0      0      -      -   3615   1531   8693      2      0 
 04:21:30       1    178     71      -     97     14      0      0      -      -   3615   1531   8693      2      0 
 04:21:30       2    165     69      -     94     14      0      0      -      -   3615   1531   8693      2      0 
 04:21:30       3    152     66      -     94     14      0      0      -      -   3615   1531   8693      2      0 
 04:22:00       0    118     68      -     93     22      0      0      -      -   3615   1531   8693      2      0 
 04:22:00       1    131     67      -     93     21      0      0      -      -   3615   1531   8693      2      0 
 04:22:00       2    115     66      -     88     22      0      0      -      -   3615   1531   8693      2      0 
 04:22:00       3    108     62      -     88     22      0      0      -      -   3615   1531   8693      2      0 
 04:22:30       0    124     68      -     92     21      0      0      -      -   3615   1531   8693      2      0 
 04:22:30       1    128     67      -     94     21      0      0      -      -   3615   1531   8693      2      0 
 04:22:30       2    110     66      -     90     21      0      0      -      -   3615   1531   8693      2      0 
 04:22:30       3    124     63      -     89     20      0      0      -      -   3615   1531   8693      2      0 
 04:23:00       0    156     68      -     95     20      0      0      -      -   3615   1531   8693      2      0 
 04:23:00       1    140     68      -     94     21      0      0      -      -   3615   1531   8693      2      0 
 04:23:00       2    130     66      -     90     21      0      0      -      -   3615   1531   8693      2      0 
 04:23:00       3    145     63      -     89     21      0      0      -      -   3615   1531   8693      2      0 
 04:23:30       0    124     69      -     94     19      0      0      -      -   3615   1531   8693      2      0 
 04:23:30       1    122     68      -     95     18      0      0      -      -   3615   1531   8693      2      0 
 04:23:30       2    133     67      -     91     17      0      0      -      -   3615   1531   8693      2      0 
 04:23:30       3    112     64      -     91     18      0      0      -      -   3615   1531   8693      2      0 
 04:24:00       0    107     70      -     94     19      0      0      -      -   3615   1531   8693      2      0 
 04:24:00       1    136     69      -     94     18      0      0      -      -   3615   1531   8693      2      0 
 04:24:00       2    135     68      -     90     18      0      0      -      -   3615   1531   8693      2      0 
 04:24:00       3    113     64      -     91     18      0      0      -      -   3615   1531   8693      2      0 
 04:24:30       0    171     70      -     95     19      0      0      -      -   3615   1531   8693      2      0 
 04:24:30       1    177     70      -     94     18      0      0      -      -   3615   1531   8693      2      0 
 04:24:30       2    169     68      -     93     16      0      0      -      -   3615   1531   8693      2      0 
 04:24:30       3    157     65      -     92     16      0      0      -      -   3615   1531   8693      2      0 
 04:25:00       0    121     71      -     95     19      0      0      -      -   3615   1531   8693      2      0 
 04:25:00       1    125     70      -     94     18      0      0      -      -   3615   1531   8693      2      0 
 04:25:00       2    122     69      -     91     17      0      0      -      -   3615   1531   8693      2      0 
 04:25:00       3    123     66      -     91     18      0      0      -      -   3615   1531   8693      2      0 
 04:25:30       0    126     72      -     95     17      0      0      -      -   3615   1531   8693      2      0 
 04:25:30       1    128     71      -     96     16      0      0      -      -   3615   1531   8693      2      0 
 04:25:30       2    118     69      -     91     18      0      0      -      -   3615   1531   8693      2      0 
 04:25:30       3    119     66      -     91     17      0      0      -      -   3615   1531   8693      2      0 
 04:26:00       0     87     72      -     95     18      0      0      -      -   3615   1531   8693      2      0 
 04:26:00       1    116     71      -     83     15      0      0      -      -   3615   1531   8693      2      0 
 04:26:00       2    129     69      -     92     19      0      0      -      -   3615   1531   8693      2      0 
 04:26:00       3    112     66      -     93     20      0      0      -      -   3615   1531   8693      2      0 
 04:26:30       0    132     71      -     95     16      0      0      -      -   3615   1531   8693      2      0 
 04:26:30       1    147     71      -     96     15      0      0      -      -   3615   1531   8693      2      0 
 04:26:30       2    158     69      -     93     15      0      0      -      -   3615   1531   8693      2      0 
 04:26:30       3    156     66      -     93     16      0      0      -      -   3615   1531   8693      2      0 
#Time         gpu    pwr  gtemp  mtemp     sm    mem    enc    dec    jpg    ofa   mclk   pclk     fb   bar1   ccpm 
#HH:MM:SS     Idx      W      C      C      %      %      %      %      %      %    MHz    MHz     MB     MB     MB 
 04:27:00       0    141     72      -     96     16      0      0      -      -   3615   1531   8693      2      0 
 04:27:00       1    134     71      -     95     16      0      0      -      -   3615   1531   8693      2      0 
 04:27:00       2    130     69      -     92     16      0      0      -      -   3615   1531   8693      2      0 
 04:27:00       3    124     66      -     92     16      0      0      -      -   3615   1531   8693      2      0 
 04:27:30       0    125     71      -     96     14      0      0      -      -   3615   1531   8693      2      0 
 04:27:30       1    138     70      -     96     16      0      0      -      -   3615   1531   8693      2      0 
 04:27:30       2    124     69      -     93     16      0      0      -      -   3615   1531   8693      2      0 
 04:27:30       3    123     65      -     93     16      0      0      -      -   3615   1531   8693      2      0 
 04:28:00       0    128     72      -     96     15      0      0      -      -   3615   1531   8693      2      0 
 04:28:00       1    117     71      -     96     14      0      0      -      -   3615   1531   8693      2      0 
 04:28:00       2    133     69      -     94     14      0      0      -      -   3615   1531   8693      2      0 
 04:28:00       3    140     66      -     94     14      0      0      -      -   3615   1531   8693      2      0 
 04:28:30       0    168     71      -     96     14      0      0      -      -   3615   1531   8693      2      0 
 04:28:30       1    176     70      -     96     14      0      0      -      -   3615   1531   8693      2      0 
 04:28:30       2    176     69      -     92     14      0      0      -      -   3615   1531   8693      2      0 
 04:28:30       3    175     66      -     92     15      0      0      -      -   3615   1531   8693      2      0 
 04:29:00       0    180     71      -     96     14      0      0      -      -   3615   1531   8693      2      0 
 04:29:00       1    185     70      -     96     14      0      0      -      -   3615   1531   8693      2      0 
 04:29:00       2    181     69      -     94     14      0      0      -      -   3615   1531   8693      2      0 
 04:29:00       3    174     65      -     94     14      0      0      -      -   3615   1531   8693      2      0 
 04:29:30       0    139     72      -     96     14      0      0      -      -   3615   1531   8693      2      0 
 04:29:30       1    123     71      -     96     14      0      0      -      -   3615   1531   8693      2      0 
 04:29:30       2    131     69      -     93     14      0      0      -      -   3615   1531   8693      2      0 
 04:29:30       3    128     66      -     94     14      0      0      -      -   3615   1531   8693      2      0 
 04:30:00       0    178     71      -     96     15      0      0      -      -   3615   1531   8693      2      0 
 04:30:00       1    183     70      -     97     14      0      0      -      -   3615   1531   8693      2      0 
 04:30:00       2    182     69      -     93     14      0      0      -      -   3615   1531   8693      2      0 
 04:30:00       3    177     65      -     93     14      0      0      -      -   3615   1531   8693      2      0 
 04:30:30       0    155     71      -     96     14      0      0      -      -   3615   1531   8693      2      0 
 04:30:30       1    165     71      -     97     14      0      0      -      -   3615   1531   8693      2      0 
 04:30:30       2    169     69      -     94     14      0      0      -      -   3615   1531   8693      2      0 
 04:30:30       3    169     66      -     94     14      0      0      -      -   3615   1531   8693      2      0 
 04:31:00       0    163     72      -     96     13      0      0      -      -   3615   1531   8693      2      0 
 04:31:00       1    162     71      -     96     14      0      0      -      -   3615   1531   8693      2      0 
 04:31:00       2    141     69      -     94     13      0      0      -      -   3615   1531   8693      2      0 
 04:31:00       3    132     66      -     94     14      0      0      -      -   3615   1531   8693      2      0 
 04:31:30       0     65     68      -      0      0      0      0      -      -   3615   1531   8693      2      0 
 04:31:30       1     66     68      -      0      0      0      0      -      -   3615   1531   8693      2      0 
 04:31:30       2     68     66      -      0      0      0      0      -      -   3615   1531   8693      2      0 
 04:31:30       3     64     63      -      0      0      0      0      -      -   3615   1531   8693      2      0 
 04:32:00       0    118     71      -     97     13      0      0      -      -   3615   1531   8693      2      0 
 04:32:00       1    111     70      -     96     14      0      0      -      -   3615   1531   8693      2      0 
 04:32:00       2    138     68      -     95     13      0      0      -      -   3615   1531   8693      2      0 
 04:32:00       3    132     65      -     95     13      0      0      -      -   3615   1531   8693      2      0 
#Time         gpu    pwr  gtemp  mtemp     sm    mem    enc    dec    jpg    ofa   mclk   pclk     fb   bar1   ccpm 
#HH:MM:SS     Idx      W      C      C      %      %      %      %      %      %    MHz    MHz     MB     MB     MB 
 04:32:30       0     63     63      -     15      0      0      0      -      -   3615   1531  12651      2      0 
 04:32:30       1     63     63      -     16      0      0      0      -      -   3615   1531  12651      2      0 
 04:32:30       2     65     62      -     11      0      0      0      -      -   3615   1531  12651      2      0 
 04:32:30       3     62     58      -     11      0      0      0      -      -   3615   1531  12651      2      0 
 04:33:00       0    131     68      -     96     16      0      0      -      -   3615   1531  14555      2      0 
 04:33:00       1    147     67      -     95     15      0      0      -      -   3615   1531  14555      2      0 
 04:33:00       2    152     65      -     93     16      0      0      -      -   3615   1531  14555      2      0 
 04:33:00       3    141     63      -     93     16      0      0      -      -   3615   1531  14555      2      0 
 04:33:30       0    156     70      -     96     15      0      0      -      -   3615   1531  14555      2      0 
 04:33:30       1    171     69      -     96     16      0      0      -      -   3615   1531  14555      2      0 
 04:33:30       2    182     68      -     93     16      0      0      -      -   3615   1531  14555      2      0 
 04:33:30       3    154     65      -     93     16      0      0      -      -   3615   1531  14555      2      0 
 04:34:00       0    149     72      -     96     15      0      0      -      -   3615   1531  14555      2      0 
 04:34:00       1    162     71      -     96     15      0      0      -      -   3615   1531  14555      2      0 
 04:34:00       2    167     69      -     93     15      0      0      -      -   3615   1531  14555      2      0 
 04:34:00       3    164     66      -     93     15      0      0      -      -   3615   1531  14555      2      0 
 04:34:30       0    168     72      -     96     16      0      0      -      -   3615   1531  14555      2      0 
 04:34:30       1    173     72      -     96     15      0      0      -      -   3615   1531  14555      2      0 
 04:34:30       2    149     70      -     93     15      0      0      -      -   3615   1531  14555      2      0 
 04:34:30       3    134     67      -     93     15      0      0      -      -   3615   1531  14555      2      0 
 04:35:00       0    143     73      -     96     15      0      0      -      -   3615   1531  14555      2      0 
 04:35:00       1    157     72      -     96     15      0      0      -      -   3615   1531  14555      2      0 
 04:35:00       2    145     70      -     94     15      0      0      -      -   3615   1531  14555      2      0 
 04:35:00       3    122     67      -     93     15      0      0      -      -   3615   1531  14555      2      0 
 04:35:30       0    174     73      -     96     15      0      0      -      -   3615   1531  14555      2      0 
 04:35:30       1    176     72      -     96     14      0      0      -      -   3615   1531  14555      2      0 
 04:35:30       2    176     70      -     94     15      0      0      -      -   3615   1531  14555      2      0 
 04:35:30       3    142     67      -     94     15      0      0      -      -   3615   1531  14555      2      0 
 04:36:00       0    175     72      -     96     14      0      0      -      -   3615   1531  14555      2      0 
 04:36:00       1    180     72      -     96     15      0      0      -      -   3615   1531  14555      2      0 
 04:36:00       2    149     70      -     94     14      0      0      -      -   3615   1531  14555      2      0 
 04:36:00       3    147     67      -     94     14      0      0      -      -   3615   1531  14555      2      0 
